model,feature_set,params,mean_macro_f1,std_macro_f1,mean_macro_precision,std_macro_precision,mean_macro_recall,std_macro_recall,mean_weighted_f1,std_weighted_f1,mean_balanced_accuracy,std_balanced_accuracy,mean_log_loss,std_log_loss,mean_brier_multiclass,std_brier_multiclass,mean_macro_average_precision_ovr,std_macro_average_precision_ovr,mean_macro_roc_auc_ovr,std_macro_roc_auc_ovr,mean_precision_S+D,std_precision_S+D,mean_recall_S+D,std_recall_S+D,mean_f1_S+D,std_f1_S+D
random_forest,airport_aware,"{""model__class_weight"": ""balanced_subsample"", ""model__max_depth"": 12, ""model__max_features"": ""sqrt"", ""model__min_samples_leaf"": 10, ""model__min_samples_split"": 2, ""model__n_estimators"": 250}",0.4176956111185775,0.05064039947488231,0.4313128370230627,0.025619547519747033,0.44980024097398663,0.014676406547444822,0.4576599702128443,0.054507956061317024,0.44980024097398663,0.014676406547444822,1.0461370578033653,0.014103076592503839,0.6331926909783985,0.011523317690455672,0.4316121221777062,0.019438915057067144,0.6292746365289269,0.005786753861508499,0.38505417135141673,0.11930614198271594,0.5114599178781558,0.04702994385356718,0.42455421193094445,0.08543071926226486
random_forest,airport_aware,"{""model__class_weight"": ""balanced_subsample"", ""model__max_depth"": 12, ""model__max_features"": ""sqrt"", ""model__min_samples_leaf"": 10, ""model__min_samples_split"": 10, ""model__n_estimators"": 250}",0.4176956111185775,0.05064039947488231,0.4313128370230627,0.025619547519747033,0.44980024097398663,0.014676406547444822,0.4576599702128443,0.054507956061317024,0.44980024097398663,0.014676406547444822,1.0461370578033655,0.014103076592503804,0.6331926909783985,0.011523317690455672,0.4316121221777062,0.019438915057067144,0.6292746365289269,0.005786753861508499,0.38505417135141673,0.11930614198271594,0.5114599178781558,0.04702994385356718,0.42455421193094445,0.08543071926226486
random_forest,airport_aware,"{""model__class_weight"": ""balanced_subsample"", ""model__max_depth"": 12, ""model__max_features"": ""sqrt"", ""model__min_samples_leaf"": 10, ""model__min_samples_split"": 2, ""model__n_estimators"": 400}",0.41721110779650106,0.04943472672834896,0.4313109123636494,0.02299920688461436,0.4491230760441973,0.013798653853939706,0.4578293770514752,0.05289665417952171,0.4491230760441973,0.013798653853939706,1.0459318511128513,0.014049354870807057,0.633086105724552,0.011541176455575218,0.431410859027352,0.018727860109535352,0.6293852238618236,0.004954516064282951,0.38350203366678964,0.12066204038417107,0.5055593775239352,0.044744950811829734,0.4216197856599143,0.08782465410464561
random_forest,airport_aware,"{""model__class_weight"": ""balanced_subsample"", ""model__max_depth"": 12, ""model__max_features"": ""sqrt"", ""model__min_samples_leaf"": 10, ""model__min_samples_split"": 10, ""model__n_estimators"": 400}",0.41721110779650106,0.04943472672834896,0.4313109123636494,0.02299920688461436,0.4491230760441973,0.013798653853939706,0.4578293770514752,0.05289665417952171,0.4491230760441973,0.013798653853939706,1.0459318511128513,0.01404935487080715,0.633086105724552,0.011541176455575194,0.431410859027352,0.018727860109535352,0.6293852238618236,0.004954516064282951,0.38350203366678964,0.12066204038417107,0.5055593775239352,0.044744950811829734,0.4216197856599143,0.08782465410464561
random_forest,airport_aware,"{""model__class_weight"": ""balanced_subsample"", ""model__max_depth"": null, ""model__max_features"": ""sqrt"", ""model__min_samples_leaf"": 10, ""model__min_samples_split"": 2, ""model__n_estimators"": 400}",0.416437364414824,0.04883454115042922,0.4310761563718559,0.021399251483360943,0.4506081097324657,0.01778116835049784,0.45670246800418723,0.05704102871392478,0.4506081097324657,0.01778116835049784,1.0423336885380448,0.01850584565822877,0.6310306342112141,0.015277730490188508,0.4307063281944542,0.01933900009151712,0.6296397821563059,0.005783835336783986,0.38396883153405237,0.1150677895337982,0.524363860539192,0.05191431614956411,0.4290576959301015,0.08351236326670733
random_forest,airport_aware,"{""model__class_weight"": ""balanced_subsample"", ""model__max_depth"": null, ""model__max_features"": ""sqrt"", ""model__min_samples_leaf"": 10, ""model__min_samples_split"": 10, ""model__n_estimators"": 400}",0.416437364414824,0.04883454115042922,0.4310761563718559,0.021399251483360943,0.4506081097324657,0.01778116835049784,0.45670246800418723,0.05704102871392478,0.4506081097324657,0.01778116835049784,1.0423336885380448,0.01850584565822877,0.6310306342112141,0.015277730490188528,0.4307063281944542,0.01933900009151712,0.6296397821563059,0.005783835336783986,0.38396883153405237,0.1150677895337982,0.524363860539192,0.05191431614956411,0.4290576959301015,0.08351236326670733
random_forest,extended_geographic,"{""model__class_weight"": ""balanced_subsample"", ""model__max_depth"": 12, ""model__max_features"": ""sqrt"", ""model__min_samples_leaf"": 10, ""model__min_samples_split"": 2, ""model__n_estimators"": 400}",0.41632422730744684,0.046515857141426545,0.43024560052745225,0.019412818364153685,0.44876378646338927,0.012068810286273995,0.45678012454712597,0.051504839919746165,0.44876378646338927,0.012068810286273995,1.0446472255253463,0.015562253049702329,0.6325870329759281,0.012922571942862561,0.4302093042788031,0.01995475731023209,0.6289661310908367,0.004743688477394586,0.38515674885245027,0.11924055899407057,0.5101079676816589,0.0381642454467743,0.42510894590949616,0.08581798676391353
random_forest,extended_geographic,"{""model__class_weight"": ""balanced_subsample"", ""model__max_depth"": 12, ""model__max_features"": ""sqrt"", ""model__min_samples_leaf"": 10, ""model__min_samples_split"": 10, ""model__n_estimators"": 400}",0.41632422730744684,0.046515857141426545,0.43024560052745225,0.019412818364153685,0.44876378646338927,0.012068810286273995,0.45678012454712597,0.051504839919746165,0.44876378646338927,0.012068810286273995,1.0446472255253463,0.015562253049702362,0.6325870329759281,0.012922571942862596,0.4302093042788031,0.01995475731023209,0.6289661310908367,0.004743688477394586,0.38515674885245027,0.11924055899407057,0.5101079676816589,0.0381642454467743,0.42510894590949616,0.08581798676391353
random_forest,airport_aware,"{""model__class_weight"": ""balanced_subsample"", ""model__max_depth"": null, ""model__max_features"": ""sqrt"", ""model__min_samples_leaf"": 10, ""model__min_samples_split"": 2, ""model__n_estimators"": 250}",0.41585025496146333,0.04846704127920202,0.4307844535181233,0.021334909419682656,0.44966560592101723,0.019431859968523056,0.45575381194533937,0.05553915018701344,0.44966560592101723,0.019431859968523056,1.042402889184099,0.01891862515299366,0.6311024617780083,0.015485211784432578,0.42997865537496727,0.01945425854316723,0.6294536334392496,0.006647214681766802,0.3837233848511337,0.11491527556448627,0.5205101617113063,0.04999335192138178,0.42767796647683143,0.08372521342726927
random_forest,airport_aware,"{""model__class_weight"": ""balanced_subsample"", ""model__max_depth"": null, ""model__max_features"": ""sqrt"", ""model__min_samples_leaf"": 10, ""model__min_samples_split"": 10, ""model__n_estimators"": 250}",0.41585025496146333,0.04846704127920202,0.4307844535181233,0.021334909419682656,0.44966560592101723,0.019431859968523056,0.45575381194533937,0.05553915018701344,0.44966560592101723,0.019431859968523056,1.042402889184099,0.01891862515299365,0.6311024617780083,0.015485211784432578,0.42997865537496727,0.01945425854316723,0.6294536334392496,0.006647214681766802,0.3837233848511337,0.11491527556448627,0.5205101617113063,0.04999335192138178,0.42767796647683143,0.08372521342726927
random_forest,extended_geographic,"{""model__class_weight"": ""balanced_subsample"", ""model__max_depth"": null, ""model__max_features"": ""sqrt"", ""model__min_samples_leaf"": 10, ""model__min_samples_split"": 2, ""model__n_estimators"": 250}",0.4157891719031541,0.04572728294066391,0.43018346978851196,0.019118335501472516,0.4497996780791723,0.017630820053964547,0.4558383245535434,0.05310501731254525,0.4497996780791723,0.017630820053964547,1.0419691456260434,0.019648665269037677,0.6308952455328724,0.01621077846876288,0.4311216008935953,0.019558151423390867,0.6293284738498945,0.003679188376375116,0.3843240875586573,0.11540882971117566,0.5226099498699377,0.04467565947968622,0.4292061152654888,0.0839522934032754
random_forest,extended_geographic,"{""model__class_weight"": ""balanced_subsample"", ""model__max_depth"": null, ""model__max_features"": ""sqrt"", ""model__min_samples_leaf"": 10, ""model__min_samples_split"": 10, ""model__n_estimators"": 250}",0.4157891719031541,0.04572728294066391,0.43018346978851196,0.019118335501472516,0.4497996780791723,0.017630820053964547,0.4558383245535434,0.05310501731254525,0.4497996780791723,0.017630820053964547,1.0419691456260431,0.01964866526903769,0.6308952455328724,0.01621077846876288,0.4311216008935953,0.019558151423390867,0.6293284738498945,0.003679188376375116,0.3843240875586573,0.11540882971117566,0.5226099498699377,0.04467565947968622,0.4292061152654888,0.0839522934032754
random_forest,airport_aware,"{""model__class_weight"": ""balanced_subsample"", ""model__max_depth"": 12, ""model__max_features"": ""sqrt"", ""model__min_samples_leaf"": 2, ""model__min_samples_split"": 2, ""model__n_estimators"": 250}",0.4149891294285831,0.05853762760246847,0.43487375423523733,0.024946243680948995,0.44765580986814635,0.009514391801273586,0.4550252506846041,0.07410496622946455,0.44765580986814635,0.009514391801273586,1.0409096891032537,0.02337595199975049,0.6298356123720392,0.017987884151433365,0.43003071963624856,0.02032165077252682,0.6289950083190974,0.004215470435343723,0.3942788755362182,0.12843950438631307,0.48412721814288,0.03279975734607845,0.4203326784921086,0.08989549495305772
random_forest,extended_geographic,"{""model__class_weight"": ""balanced_subsample"", ""model__max_depth"": 12, ""model__max_features"": ""sqrt"", ""model__min_samples_leaf"": 2, ""model__min_samples_split"": 10, ""model__n_estimators"": 250}",0.4149681682065644,0.049626559423769735,0.4330264097994365,0.020709425161138193,0.4482518432777268,0.013392904555747234,0.45568138580090656,0.06032486231773683,0.4482518432777268,0.013392904555747234,1.0410844693312504,0.02165063468819228,0.6301709334281466,0.017138076228877,0.4306461252668134,0.019763473588128765,0.6281635755103674,0.004733134516526394,0.3894026419695866,0.12099486630314873,0.4973055605507226,0.04677618397674031,0.42256840689135783,0.08582970435187577
random_forest,airport_aware,"{""model__class_weight"": ""balanced_subsample"", ""model__max_depth"": 12, ""model__max_features"": ""sqrt"", ""model__min_samples_leaf"": 2, ""model__min_samples_split"": 10, ""model__n_estimators"": 250}",0.4149314886986832,0.05442197235352405,0.4333370382922997,0.025362835309422734,0.44621037161422994,0.015112198296756862,0.4563362766645323,0.06322923064985193,0.44621037161422994,0.015112198296756862,1.041552459442539,0.02066040040452207,0.6303218092775638,0.016096197332108146,0.43226650442967596,0.02024758778619224,0.6292616546784446,0.005204974456676106,0.39250252424872756,0.1275871415240122,0.4866855210486814,0.03846439096855591,0.41994671734202216,0.09134470975971012
random_forest,extended_geographic,"{""model__class_weight"": ""balanced_subsample"", ""model__max_depth"": null, ""model__max_features"": ""sqrt"", ""model__min_samples_leaf"": 10, ""model__min_samples_split"": 2, ""model__n_estimators"": 400}",0.41459972550363366,0.04606151210234733,0.42943002826680754,0.017162249750969638,0.44910253126916827,0.0160523613674139,0.4552044254860079,0.05461089530471567,0.44910253126916827,0.0160523613674139,1.0421278938372724,0.019932016040067044,0.6310009699576071,0.01643978650960875,0.4307829844684866,0.019288918603515642,0.6291845935468696,0.0035463903704971086,0.38204077565905004,0.11554247669864495,0.5249297778301955,0.04533325371483748,0.4287025600852853,0.0863097992930825
random_forest,extended_geographic,"{""model__class_weight"": ""balanced_subsample"", ""model__max_depth"": null, ""model__max_features"": ""sqrt"", ""model__min_samples_leaf"": 10, ""model__min_samples_split"": 10, ""model__n_estimators"": 400}",0.41459972550363366,0.04606151210234733,0.42943002826680754,0.017162249750969638,0.44910253126916827,0.0160523613674139,0.4552044254860079,0.05461089530471567,0.44910253126916827,0.0160523613674139,1.0421278938372724,0.019932016040067044,0.6310009699576071,0.01643978650960875,0.4307829844684866,0.019288918603515642,0.6291845935468696,0.0035463903704971086,0.38204077565905004,0.11554247669864495,0.5249297778301955,0.04533325371483748,0.4287025600852853,0.0863097992930825
random_forest,extended_geographic,"{""model__class_weight"": ""balanced_subsample"", ""model__max_depth"": 12, ""model__max_features"": ""sqrt"", ""model__min_samples_leaf"": 10, ""model__min_samples_split"": 10, ""model__n_estimators"": 250}",0.41432414436930126,0.046152598600675304,0.42823604958729183,0.019632324212375565,0.44605187942518887,0.015263127938871888,0.4552607529571411,0.04798624795935025,0.44605187942518887,0.015263127938871888,1.0444630891422555,0.015522043316349356,0.6325156874592422,0.012842588159574732,0.4304101423771254,0.020026084467291098,0.6289651224565764,0.005339028101290657,0.38388885956290136,0.11971930409214049,0.5057370388292124,0.03981830034028814,0.42304529188613127,0.08902480785968027
random_forest,extended_geographic,"{""model__class_weight"": ""balanced_subsample"", ""model__max_depth"": 12, ""model__max_features"": ""sqrt"", ""model__min_samples_leaf"": 10, ""model__min_samples_split"": 2, ""model__n_estimators"": 250}",0.41432414436930126,0.046152598600675304,0.42823604958729183,0.019632324212375565,0.44605187942518887,0.015263127938871888,0.4552607529571411,0.04798624795935025,0.44605187942518887,0.015263127938871888,1.0444630891422555,0.015522043316349356,0.6325156874592424,0.012842588159574756,0.4304101423771254,0.020026084467291098,0.6289651224565764,0.005339028101290657,0.38388885956290136,0.11971930409214049,0.5057370388292124,0.03981830034028814,0.42304529188613127,0.08902480785968027
random_forest,airport_aware,"{""model__class_weight"": ""balanced_subsample"", ""model__max_depth"": 12, ""model__max_features"": ""sqrt"", ""model__min_samples_leaf"": 2, ""model__min_samples_split"": 2, ""model__n_estimators"": 400}",0.4122533632909766,0.055617348441129595,0.4329095815481301,0.02187901343829302,0.44570411695071,0.013615575778271986,0.45260939485682317,0.07138250931424357,0.44570411695071,0.013615575778271986,1.0407561301270993,0.0226304062661985,0.629756090624399,0.01754025684831355,0.4310150384275423,0.01967985695219038,0.6288425150681606,0.004098182616866091,0.3919105087411286,0.12336278457890444,0.4850402428989292,0.04201148061638736,0.41909252632384303,0.08509907394973633
random_forest,airport_aware,"{""model__class_weight"": ""balanced_subsample"", ""model__max_depth"": 12, ""model__max_features"": ""sqrt"", ""model__min_samples_leaf"": 2, ""model__min_samples_split"": 10, ""model__n_estimators"": 400}",0.41203687682617174,0.05001693136332578,0.42965991133142,0.02013779024968673,0.4450291978936175,0.014442031079116912,0.4537907603321415,0.0607300079434212,0.4450291978936175,0.014442031079116912,1.041664337418736,0.02025322496418147,0.6304004355191989,0.01589081011183608,0.43185932279277217,0.019027063034794442,0.6293540255626542,0.004955454155884019,0.3893130659058223,0.12273689292184656,0.49169251067069597,0.044856194862462416,0.41961996334833274,0.08580953873965538
random_forest,extended_geographic,"{""model__class_weight"": ""balanced_subsample"", ""model__max_depth"": 12, ""model__max_features"": ""sqrt"", ""model__min_samples_leaf"": 2, ""model__min_samples_split"": 10, ""model__n_estimators"": 400}",0.4113309164996317,0.05012573494971319,0.4302613832670291,0.018669850139960635,0.44490560180605476,0.011946888947839468,0.45235306566466865,0.0627786869104946,0.44490560180605476,0.011946888947839468,1.0405702507380659,0.0217625053132682,0.6298402921978548,0.017307305822175108,0.43146676791779653,0.020318466391079332,0.6286145165498984,0.004876862182784749,0.3875292604263387,0.12172113997435971,0.49221821532234883,0.042005667162156236,0.41924806750910176,0.08496259962332739
random_forest,extended_geographic,"{""model__class_weight"": ""balanced_subsample"", ""model__max_depth"": 12, ""model__max_features"": ""sqrt"", ""model__min_samples_leaf"": 2, ""model__min_samples_split"": 2, ""model__n_estimators"": 250}",0.4113075437632925,0.05153525427146333,0.4317140944615,0.024442764315260854,0.44402982072617336,0.014503733017014055,0.45294136698631,0.06303063883870785,0.44402982072617336,0.014503733017014055,1.038709290661712,0.024117928734764735,0.6286640173914122,0.018931096180581822,0.4310087690836629,0.019914988712905646,0.62895864161474,0.005107481584189492,0.39195427345935047,0.12398380870456265,0.488180245011112,0.040062591363349845,0.42083242649190994,0.08730269378090513
random_forest,extended_geographic,"{""model__class_weight"": ""balanced_subsample"", ""model__max_depth"": 12, ""model__max_features"": ""sqrt"", ""model__min_samples_leaf"": 2, ""model__min_samples_split"": 2, ""model__n_estimators"": 400}",0.40947766765893256,0.0518321259784932,0.429606498760687,0.02231679349902929,0.44277278354075705,0.014647985610738445,0.45262143245634673,0.06566281009764058,0.44277278354075705,0.014647985610738445,1.0389061656110103,0.02464534758102282,0.6287111263402816,0.019232358311536895,0.4310942041478718,0.01967880037453289,0.6286959275276337,0.005107573316402541,0.39340330565650367,0.12510449826264505,0.49017865283612927,0.03934567715977908,0.4222920243830724,0.08803470117030762
random_forest,airport_aware,"{""model__class_weight"": ""balanced_subsample"", ""model__max_depth"": 12, ""model__max_features"": 0.5, ""model__min_samples_leaf"": 10, ""model__min_samples_split"": 2, ""model__n_estimators"": 250}",0.40530941416744987,0.04709229680784699,0.41978913608880253,0.01903176797662188,0.43881570862518726,0.012078855880255823,0.44884497433851217,0.05641670345639057,0.43881570862518726,0.012078855880255823,1.0446152562750382,0.026956235081861357,0.6330454412932586,0.02276925927753449,0.4258929338408349,0.021622807755169,0.6249645218289072,0.0077807042681234595,0.37313366764782624,0.1155054515704842,0.5077760716859887,0.03611348997622148,0.41796587096214166,0.0886783141827416
random_forest,airport_aware,"{""model__class_weight"": ""balanced_subsample"", ""model__max_depth"": 12, ""model__max_features"": 0.5, ""model__min_samples_leaf"": 10, ""model__min_samples_split"": 10, ""model__n_estimators"": 250}",0.40530941416744987,0.04709229680784699,0.41978913608880253,0.01903176797662188,0.43881570862518726,0.012078855880255823,0.44884497433851217,0.05641670345639057,0.43881570862518726,0.012078855880255823,1.0446152562750382,0.026956235081861357,0.6330454412932586,0.022769259277534523,0.4258929338408349,0.021622807755169,0.6249645218289072,0.0077807042681234595,0.37313366764782624,0.1155054515704842,0.5077760716859887,0.03611348997622148,0.41796587096214166,0.0886783141827416
random_forest,extended_geographic,"{""model__class_weight"": ""balanced_subsample"", ""model__max_depth"": 12, ""model__max_features"": 0.5, ""model__min_samples_leaf"": 10, ""model__min_samples_split"": 2, ""model__n_estimators"": 250}",0.40497438299680955,0.04478146480070082,0.41970419465551856,0.01752320836483951,0.4388137154766004,0.008722635506786376,0.4484830635478937,0.05355003470268845,0.4388137154766004,0.008722635506786376,1.0445826953484034,0.026522813776084314,0.6330689874773486,0.022794923587038492,0.42551677900114465,0.02084727369317949,0.6239040191137335,0.007084155342901412,0.36956173385515595,0.11680737973844274,0.5082771200185516,0.03551694512313909,0.4159712312490308,0.08984436706377359
random_forest,extended_geographic,"{""model__class_weight"": ""balanced_subsample"", ""model__max_depth"": 12, ""model__max_features"": 0.5, ""model__min_samples_leaf"": 10, ""model__min_samples_split"": 10, ""model__n_estimators"": 250}",0.40497438299680955,0.04478146480070082,0.41970419465551856,0.01752320836483951,0.4388137154766004,0.008722635506786376,0.4484830635478937,0.05355003470268845,0.4388137154766004,0.008722635506786376,1.0445826953484034,0.026522813776084352,0.6330689874773487,0.02279492358703854,0.42551677900114465,0.02084727369317949,0.6239040191137335,0.007084155342901412,0.36956173385515595,0.11680737973844274,0.5082771200185516,0.03551694512313909,0.4159712312490308,0.08984436706377359
random_forest,airport_aware,"{""model__class_weight"": ""balanced_subsample"", ""model__max_depth"": 12, ""model__max_features"": 0.5, ""model__min_samples_leaf"": 10, ""model__min_samples_split"": 2, ""model__n_estimators"": 400}",0.4047686685506222,0.04653194263997248,0.41981145772425454,0.017635397380856548,0.43851255584970755,0.008759311052258743,0.4482546500072166,0.056491706992980575,0.43851255584970755,0.008759311052258743,1.0442966009485974,0.02705543668380762,0.6329086608378671,0.022909104041193153,0.42618212715501913,0.021459527195484916,0.6252733295495201,0.007920674619394018,0.3717110692761413,0.11708987097615174,0.5069596272704745,0.03133516117204834,0.41717821271665034,0.09065320636768272
random_forest,airport_aware,"{""model__class_weight"": ""balanced_subsample"", ""model__max_depth"": 12, ""model__max_features"": 0.5, ""model__min_samples_leaf"": 10, ""model__min_samples_split"": 10, ""model__n_estimators"": 400}",0.4047686685506222,0.04653194263997248,0.41981145772425454,0.017635397380856548,0.43851255584970755,0.008759311052258743,0.4482546500072166,0.056491706992980575,0.43851255584970755,0.008759311052258743,1.0442966009485974,0.02705543668380762,0.6329086608378671,0.022909104041193153,0.42618212715501913,0.021459527195484916,0.6252733295495201,0.007920674619394018,0.3717110692761413,0.11708987097615174,0.5069596272704745,0.03133516117204834,0.41717821271665034,0.09065320636768272
random_forest,extended_geographic,"{""model__class_weight"": ""balanced_subsample"", ""model__max_depth"": 12, ""model__max_features"": 0.5, ""model__min_samples_leaf"": 2, ""model__min_samples_split"": 10, ""model__n_estimators"": 400}",0.4040546671769697,0.04897301649204776,0.4245102148969419,0.019536918359354005,0.43922070987077566,0.00981406067871954,0.4481465706626212,0.06291192877798618,0.43922070987077566,0.00981406067871954,1.0429840523560392,0.03456454758702211,0.6320831710251069,0.027984406680607865,0.4253357248327879,0.023014856055785873,0.6239080882547892,0.008186188240546016,0.3781957719656884,0.11972313134902283,0.4910856647617341,0.03754443534497347,0.4148451662983453,0.08801570699061077
random_forest,extended_geographic,"{""model__class_weight"": ""balanced_subsample"", ""model__max_depth"": 12, ""model__max_features"": 0.5, ""model__min_samples_leaf"": 10, ""model__min_samples_split"": 2, ""model__n_estimators"": 400}",0.40328033179958744,0.046674043482129425,0.41796435720927294,0.01811623887846408,0.43710214794655744,0.007542489729342549,0.44735918975500244,0.05591412251260052,0.43710214794655744,0.007542489729342549,1.0442621317812815,0.027095628264432937,0.632853390283436,0.02301426349949675,0.42599973550519366,0.02145834779886169,0.6244372550121409,0.007529623877531899,0.36915768439937785,0.11893416272242434,0.5081580193497481,0.039791429078317675,0.41589967666645283,0.09412940578058022
random_forest,extended_geographic,"{""model__class_weight"": ""balanced_subsample"", ""model__max_depth"": 12, ""model__max_features"": 0.5, ""model__min_samples_leaf"": 10, ""model__min_samples_split"": 10, ""model__n_estimators"": 400}",0.40328033179958744,0.046674043482129425,0.41796435720927294,0.01811623887846408,0.43710214794655744,0.007542489729342549,0.44735918975500244,0.05591412251260052,0.43710214794655744,0.007542489729342549,1.0442621317812815,0.027095628264432937,0.632853390283436,0.023014263499496732,0.42599973550519366,0.02145834779886169,0.6244372550121409,0.007529623877531899,0.36915768439937785,0.11893416272242434,0.5081580193497481,0.039791429078317675,0.41589967666645283,0.09412940578058022
random_forest,extended_geographic,"{""model__class_weight"": ""balanced_subsample"", ""model__max_depth"": 12, ""model__max_features"": 0.5, ""model__min_samples_leaf"": 2, ""model__min_samples_split"": 10, ""model__n_estimators"": 250}",0.4026584482638472,0.0499389450925498,0.42261647566688343,0.021007029045980976,0.4373928567211814,0.009803450104929202,0.4472068220894604,0.06261788613989154,0.4373928567211814,0.009803450104929202,1.0434837386917528,0.034101610000074625,0.632447347677218,0.027760199779959836,0.42453359101984633,0.022525505635044362,0.6232262253920402,0.007631600540127968,0.37357460463135317,0.11850862380470913,0.4895126929355949,0.036896583815803935,0.4116369812640537,0.08856844478748027
random_forest,extended_geographic,"{""model__class_weight"": ""balanced_subsample"", ""model__max_depth"": 12, ""model__max_features"": 0.5, ""model__min_samples_leaf"": 2, ""model__min_samples_split"": 2, ""model__n_estimators"": 400}",0.40263542409152187,0.05172761088934753,0.4245674839364108,0.02259703794750171,0.43826518662671654,0.012565452706454745,0.44715764098184707,0.06900995942239754,0.43826518662671654,0.012565452706454745,1.0432370812057006,0.039555647501388916,0.6320298869353127,0.031106719501676882,0.4232533142928463,0.023472326933351582,0.6226554490243075,0.008755708444057006,0.378764708120887,0.1204028944164414,0.4801184086522895,0.03661837142877952,0.4103792004773122,0.08433147718336946
random_forest,airport_aware,"{""model__class_weight"": ""balanced_subsample"", ""model__max_depth"": 12, ""model__max_features"": 0.5, ""model__min_samples_leaf"": 2, ""model__min_samples_split"": 10, ""model__n_estimators"": 250}",0.40163457242473316,0.05254643844957295,0.42176051812719234,0.021691698426578844,0.43662927512181077,0.006617215481227379,0.445805553159074,0.07056421121456244,0.43662927512181077,0.006617215481227379,1.0437082080596078,0.03442162709062469,0.6325350572328792,0.028032546571847915,0.42440893659969314,0.02297394787536478,0.6226701743752883,0.00861958943165762,0.3770976074171529,0.12133841089660581,0.48399529667048513,0.02879359213213415,0.4111915970853401,0.08838868383398275
random_forest,airport_aware,"{""model__class_weight"": ""balanced_subsample"", ""model__max_depth"": null, ""model__max_features"": 0.5, ""model__min_samples_leaf"": 10, ""model__min_samples_split"": 2, ""model__n_estimators"": 400}",0.40128765902244135,0.04684902725455166,0.41829509705926354,0.0159362019567302,0.4357516739617379,0.012163025112502559,0.4448699797642471,0.0595333549987895,0.4357516739617379,0.012163025112502559,1.0477069110418598,0.03990092605560302,0.6351102225562669,0.031413989823195924,0.42337553020396046,0.018845761507330003,0.6216450696560004,0.007305777241184513,0.3651498631330174,0.11423162754813843,0.49853399099356094,0.037168499283233986,0.4105669374981965,0.0896721208259705
random_forest,airport_aware,"{""model__class_weight"": ""balanced_subsample"", ""model__max_depth"": null, ""model__max_features"": 0.5, ""model__min_samples_leaf"": 10, ""model__min_samples_split"": 10, ""model__n_estimators"": 400}",0.40128765902244135,0.04684902725455166,0.41829509705926354,0.0159362019567302,0.4357516739617379,0.012163025112502559,0.4448699797642471,0.0595333549987895,0.4357516739617379,0.012163025112502559,1.0477069110418598,0.03990092605560302,0.6351102225562669,0.031413989823195924,0.42337553020396046,0.018845761507330003,0.6216450696560004,0.007305777241184513,0.3651498631330174,0.11423162754813843,0.49853399099356094,0.037168499283233986,0.4105669374981965,0.0896721208259705
random_forest,airport_aware,"{""model__class_weight"": ""balanced_subsample"", ""model__max_depth"": 12, ""model__max_features"": 0.5, ""model__min_samples_leaf"": 2, ""model__min_samples_split"": 10, ""model__n_estimators"": 400}",0.40114947618365393,0.051572466834765074,0.42099362124917644,0.02083986156072819,0.43648177120703624,0.006903291677216543,0.44461534136998326,0.06980975485482906,0.43648177120703624,0.006903291677216543,1.0432591477187483,0.03489538374834542,0.6322160122112525,0.028235628882951898,0.4250217402759963,0.022977982203958976,0.6236217909541244,0.008828810675473208,0.3764296408884301,0.12011996039755209,0.48661207317805155,0.03214865759542219,0.41167533100915754,0.08647150868986428
random_forest,extended_geographic,"{""model__class_weight"": ""balanced_subsample"", ""model__max_depth"": null, ""model__max_features"": 0.5, ""model__min_samples_leaf"": 10, ""model__min_samples_split"": 2, ""model__n_estimators"": 400}",0.4010286476187567,0.049863899266474714,0.41786971732871586,0.018181673215918247,0.4348753744650525,0.010283518263846155,0.44379727113903267,0.061620006758051744,0.4348753744650525,0.010283518263846155,1.0484083309164092,0.040612163752016164,0.6355748724694952,0.03179433996633101,0.4228086567681009,0.020651402906329257,0.6211113339857021,0.008029069053456926,0.36280102322444396,0.11581431223172776,0.50032902645784,0.03871868948637415,0.40996845247660785,0.09376001650968666
random_forest,extended_geographic,"{""model__class_weight"": ""balanced_subsample"", ""model__max_depth"": null, ""model__max_features"": 0.5, ""model__min_samples_leaf"": 10, ""model__min_samples_split"": 10, ""model__n_estimators"": 400}",0.4010286476187567,0.049863899266474714,0.41786971732871586,0.018181673215918247,0.4348753744650525,0.010283518263846155,0.44379727113903267,0.061620006758051744,0.4348753744650525,0.010283518263846155,1.0484083309164092,0.04061216375201626,0.6355748724694952,0.03179433996633101,0.4228086567681009,0.020651402906329257,0.6211113339857021,0.008029069053456926,0.36280102322444396,0.11581431223172776,0.50032902645784,0.03871868948637415,0.40996845247660785,0.09376001650968666
random_forest,extended_geographic,"{""model__class_weight"": ""balanced_subsample"", ""model__max_depth"": null, ""model__max_features"": 0.5, ""model__min_samples_leaf"": 10, ""model__min_samples_split"": 2, ""model__n_estimators"": 250}",0.4001863123665853,0.04830111621997373,0.4168496648157838,0.0168529298295326,0.43429777290938654,0.010073352658434098,0.44341580687830284,0.059997127437319546,0.43429777290938654,0.010073352658434098,1.0487912230471637,0.03994506636104045,0.6358406322222238,0.03147521663566012,0.42256883218248403,0.019974547860921326,0.6204462701378547,0.007980506617435474,0.3629909270313047,0.11537373452506344,0.49949603150232386,0.03690632321632063,0.40963934666913415,0.09258341683152857
random_forest,extended_geographic,"{""model__class_weight"": ""balanced_subsample"", ""model__max_depth"": null, ""model__max_features"": 0.5, ""model__min_samples_leaf"": 10, ""model__min_samples_split"": 10, ""model__n_estimators"": 250}",0.4001863123665853,0.04830111621997373,0.4168496648157838,0.0168529298295326,0.43429777290938654,0.010073352658434098,0.44341580687830284,0.059997127437319546,0.43429777290938654,0.010073352658434098,1.0487912230471637,0.03994506636104045,0.6358406322222238,0.03147521663566012,0.42256883218248403,0.019974547860921326,0.6204462701378547,0.007980506617435474,0.3629909270313047,0.11537373452506344,0.49949603150232386,0.03690632321632063,0.40963934666913415,0.09258341683152857
random_forest,airport_aware,"{""model__class_weight"": ""balanced_subsample"", ""model__max_depth"": 12, ""model__max_features"": 0.5, ""model__min_samples_leaf"": 2, ""model__min_samples_split"": 2, ""model__n_estimators"": 400}",0.39969283766994285,0.053498672663779036,0.4237909314304969,0.01926482901954372,0.4361463697852785,0.01195204238453896,0.44414396223749353,0.07462306987860054,0.4361463697852785,0.01195204238453896,1.0424894286507327,0.040574469732868414,0.6315005458268098,0.03155291115986501,0.4246321265042415,0.02354546952628514,0.6232845153499955,0.009065057802742516,0.3780088735339222,0.12047867442339981,0.47786693771125704,0.034884859456792254,0.40958676365976643,0.08741402388721889
random_forest,extended_geographic,"{""model__class_weight"": ""balanced_subsample"", ""model__max_depth"": 12, ""model__max_features"": 0.5, ""model__min_samples_leaf"": 2, ""model__min_samples_split"": 2, ""model__n_estimators"": 250}",0.39938485442033633,0.05241421157375965,0.42081545231209655,0.023197675987659514,0.43395204423600137,0.009000745887264098,0.44490961238531107,0.06913144434833784,0.43395204423600137,0.009000745887264098,1.0431258384818538,0.0392511161775391,0.6319611763540731,0.030923218162599544,0.4230993010389768,0.023121439737793868,0.6228181711560158,0.00838719718831532,0.37939035852282277,0.12406412580586262,0.4719396488155928,0.032934820915691096,0.40781370914908993,0.08909104169719535
random_forest,airport_aware,"{""model__class_weight"": ""balanced_subsample"", ""model__max_depth"": null, ""model__max_features"": 0.5, ""model__min_samples_leaf"": 10, ""model__min_samples_split"": 2, ""model__n_estimators"": 250}",0.3982489305729503,0.0490296552819989,0.4146514864208196,0.01805295681391645,0.43191502785518815,0.01322581250987714,0.44209883263903105,0.06087376293228571,0.43191502785518815,0.01322581250987714,1.0486860718270177,0.04029441226867897,0.6356415260759545,0.03165497336140194,0.422865769357503,0.01918127118445507,0.6204533978453108,0.008071399881229395,0.365133654860792,0.11617631904674547,0.4995904299053516,0.04237041234603342,0.411161005020932,0.09422439542899055
random_forest,airport_aware,"{""model__class_weight"": ""balanced_subsample"", ""model__max_depth"": null, ""model__max_features"": 0.5, ""model__min_samples_leaf"": 10, ""model__min_samples_split"": 10, ""model__n_estimators"": 250}",0.3982489305729503,0.0490296552819989,0.4146514864208196,0.01805295681391645,0.43191502785518815,0.01322581250987714,0.44209883263903105,0.06087376293228571,0.43191502785518815,0.01322581250987714,1.0486860718270177,0.04029441226867899,0.6356415260759545,0.03165497336140194,0.422865769357503,0.01918127118445507,0.6204533978453108,0.008071399881229395,0.365133654860792,0.11617631904674547,0.4995904299053516,0.04237041234603342,0.411161005020932,0.09422439542899055
random_forest,airport_aware,"{""model__class_weight"": ""balanced_subsample"", ""model__max_depth"": 12, ""model__max_features"": 0.5, ""model__min_samples_leaf"": 2, ""model__min_samples_split"": 2, ""model__n_estimators"": 250}",0.3981043952453317,0.05323429104048381,0.42025336826329635,0.02204474195137143,0.4338449324860993,0.012522708972398218,0.44353757570656754,0.07368290607128015,0.4338449324860993,0.012522708972398218,1.0427313198580181,0.040799108745820115,0.6316299373804194,0.031660669844742854,0.4242652506655191,0.023509928462873798,0.62273740344922,0.00931419973199325,0.37771999206586915,0.11870769364724654,0.47352761863625253,0.03447302861501056,0.4078053126861185,0.08499341804758015
random_forest,airport_aware,"{""model__class_weight"": ""balanced_subsample"", ""model__max_depth"": null, ""model__max_features"": ""sqrt"", ""model__min_samples_leaf"": 2, ""model__min_samples_split"": 10, ""model__n_estimators"": 400}",0.3973239814449369,0.05925603842972956,0.4277237166256239,0.02315130847893352,0.43896874712043116,0.017372078905754183,0.4403049267352155,0.09094768632551437,0.43896874712043116,0.017372078905754183,1.0403655112551546,0.05332530411830592,0.629809920343869,0.039227284852387474,0.42547126633375293,0.020001254537978432,0.6227254052480762,0.006738366740746135,0.3820109280229901,0.11827696262455396,0.48056499632673777,0.04935845500242414,0.41249980935769576,0.08617622744390774
random_forest,airport_aware,"{""model__class_weight"": ""balanced_subsample"", ""model__max_depth"": null, ""model__max_features"": ""sqrt"", ""model__min_samples_leaf"": 2, ""model__min_samples_split"": 10, ""model__n_estimators"": 250}",0.396465525867938,0.05697882767369493,0.4262702376148709,0.019791835519418027,0.43837494049652986,0.018317503716633078,0.4386352267320298,0.08896434658468647,0.43837494049652986,0.018317503716633078,1.0412560803635793,0.05366730501324176,0.6302381077440706,0.03930314213300532,0.4250816910907555,0.019845065516020086,0.6222695015214198,0.007005088801690411,0.38137579140711647,0.11512253005357163,0.4842451934526177,0.05050980007733055,0.4131096427559015,0.08115186340213623
random_forest,extended_geographic,"{""model__class_weight"": ""balanced_subsample"", ""model__max_depth"": null, ""model__max_features"": ""sqrt"", ""model__min_samples_leaf"": 2, ""model__min_samples_split"": 10, ""model__n_estimators"": 250}",0.39258896640604046,0.054318526292685236,0.41912531341181386,0.015177601297664123,0.43357509834987135,0.014132808052112188,0.43527624270592796,0.08518096998900816,0.43357509834987135,0.014132808052112188,1.0423566523548595,0.052899317503805325,0.6313733701842356,0.03904231950164076,0.42269475166527715,0.016872943989538168,0.6209551801113989,0.004418582801837153,0.3769790051052934,0.11306437327959322,0.47888608584953135,0.04278976779828762,0.4091985989842041,0.07843307511253851
random_forest,extended_geographic,"{""model__class_weight"": ""balanced_subsample"", ""model__max_depth"": null, ""model__max_features"": ""sqrt"", ""model__min_samples_leaf"": 2, ""model__min_samples_split"": 10, ""model__n_estimators"": 400}",0.39094507863749195,0.05063913967653702,0.41845046271479003,0.012026927804359697,0.43421676533654174,0.01869616713876677,0.4335905068642571,0.08283307376062822,0.43421676533654174,0.01869616713876677,1.0419893709321928,0.05345999253002465,0.6310959451120143,0.039369800956222445,0.4232724051430485,0.018539853094435003,0.6211006512492299,0.004121300492863707,0.3769475267109379,0.11054093561141325,0.48229112939798835,0.0494110688988876,0.4100397240031537,0.07549645094512264
random_forest,airport_aware,"{""model__class_weight"": ""balanced_subsample"", ""model__max_depth"": null, ""model__max_features"": 0.5, ""model__min_samples_leaf"": 2, ""model__min_samples_split"": 10, ""model__n_estimators"": 250}",0.38726916788171717,0.05591468436758533,0.416029880012964,0.01800923942834276,0.4266567722603127,0.010520950872711186,0.4332297801453926,0.08538063771946265,0.4266567722603127,0.010520950872711186,1.067569495727311,0.08695307727384209,0.645102202678351,0.05997023420769909,0.4149105536752288,0.02093477920116128,0.6119497268430892,0.009885950667251255,0.3669983427127031,0.1147832774508667,0.4529914753562133,0.039376889780252104,0.3947530814660937,0.08515198673974564
random_forest,extended_geographic,"{""model__class_weight"": ""balanced_subsample"", ""model__max_depth"": null, ""model__max_features"": 0.5, ""model__min_samples_leaf"": 2, ""model__min_samples_split"": 10, ""model__n_estimators"": 400}",0.3868005662297983,0.05898088767243538,0.41600502274205375,0.021526461663584358,0.4262687025002266,0.012614928232319987,0.43174929722522337,0.08943187667380416,0.4262687025002266,0.012614928232319987,1.0658406937563436,0.08736581634549942,0.6443543495948076,0.06000242424161192,0.4159498510856011,0.022374954133484812,0.6134759608246191,0.009877769418019378,0.36717646266680615,0.11664154904237074,0.4597453667552266,0.0337151590023544,0.3964533854326239,0.08412440804850205
random_forest,extended_geographic,"{""model__class_weight"": ""balanced_subsample"", ""model__max_depth"": null, ""model__max_features"": 0.5, ""model__min_samples_leaf"": 2, ""model__min_samples_split"": 10, ""model__n_estimators"": 250}",0.38598461947232016,0.058264492946876405,0.41454487659353634,0.021733973013950355,0.42613416430593515,0.01047149182913058,0.4305775747506596,0.08933130785726567,0.42613416430593515,0.01047149182913058,1.0666211542438853,0.08793456460171757,0.6447532434855813,0.06045956697780791,0.41589580250019387,0.022735233075245234,0.6130554741040853,0.010589408334019014,0.3653238097774744,0.1148795890686835,0.4595964364037354,0.03705234068066119,0.39535501566295983,0.08357599808069152
random_forest,airport_aware,"{""model__class_weight"": ""balanced_subsample"", ""model__max_depth"": null, ""model__max_features"": 0.5, ""model__min_samples_leaf"": 2, ""model__min_samples_split"": 10, ""model__n_estimators"": 400}",0.38510864582151505,0.05793772997064465,0.41436026445725027,0.02012757836782262,0.4242925060731383,0.013024603677480111,0.4322081597789646,0.0867130088297238,0.4242925060731383,0.013024603677480111,1.0669765858539804,0.08770485511831527,0.6448314371426631,0.06048952044419421,0.41511140675261354,0.021608473588632934,0.612431010280412,0.010028378526890832,0.36730858883316,0.11813030025338385,0.4515275030555107,0.04525715097112258,0.39418761970751914,0.09005060075041484
random_forest,airport_aware,"{""model__class_weight"": ""balanced_subsample"", ""model__max_depth"": null, ""model__max_features"": ""sqrt"", ""model__min_samples_leaf"": 2, ""model__min_samples_split"": 2, ""model__n_estimators"": 400}",0.38391808173511577,0.06062780459457764,0.42430483781223616,0.026217299672280158,0.4289329241959649,0.017341943294163067,0.4285967013069228,0.1011516770865513,0.4289329241959649,0.017341943294163067,1.0421156621161973,0.06540383212507518,0.63058771697184,0.047581388397743604,0.4223175043561643,0.018507072604473006,0.6188180809639745,0.0042245273045166285,0.37970940447848267,0.11775075637631278,0.4525943292224156,0.046337641190713805,0.39928948891842064,0.07986740577795863
random_forest,airport_aware,"{""model__class_weight"": ""balanced_subsample"", ""model__max_depth"": null, ""model__max_features"": ""sqrt"", ""model__min_samples_leaf"": 2, ""model__min_samples_split"": 2, ""model__n_estimators"": 250}",0.3825555299409112,0.06052206436252044,0.4213613944576394,0.02226491275979793,0.42768344224377974,0.015193985275094747,0.42674387550055276,0.10256387652921893,0.42768344224377974,0.015193985275094747,1.0432259753082307,0.06555326302408111,0.6311834463654085,0.04756049888373024,0.42158707109718,0.017991254803624672,0.6176031699599723,0.004872698526464409,0.37950846839693086,0.11738776896756789,0.4527415489274313,0.04448003589798878,0.3993842787738373,0.07927039081545918
random_forest,extended_geographic,"{""model__class_weight"": ""balanced_subsample"", ""model__max_depth"": null, ""model__max_features"": ""sqrt"", ""model__min_samples_leaf"": 2, ""model__min_samples_split"": 2, ""model__n_estimators"": 400}",0.38062331568272834,0.057159443384843925,0.41599520500184684,0.018752913814725988,0.426259414185714,0.015673518507120662,0.4255060547848398,0.09686114006934109,0.426259414185714,0.015673518507120662,1.045649785360566,0.0692580330808779,0.6328032302842688,0.04989453369606278,0.4206241544247985,0.01758797250136406,0.617052269071076,0.003737683490808147,0.37744489037913553,0.1180681500952122,0.4497046916112347,0.04507221843520468,0.3972270002846591,0.08138790455203702
random_forest,extended_geographic,"{""model__class_weight"": ""balanced_subsample"", ""model__max_depth"": null, ""model__max_features"": ""sqrt"", ""model__min_samples_leaf"": 2, ""model__min_samples_split"": 2, ""model__n_estimators"": 250}",0.37976644145359756,0.055301719721836874,0.41396810116120325,0.01780747498282266,0.42455726153562184,0.01681829111440243,0.4254600944946495,0.09455670160323913,0.42455726153562184,0.01681829111440243,1.046457960848022,0.06946085572859373,0.6333946491584068,0.04984852413602923,0.4196522526036815,0.01735623592718006,0.6163777495748233,0.003688463657078175,0.3735140463647269,0.11643599206840798,0.4504938423355653,0.04494801661656911,0.3947765778909962,0.0781729661626408
random_forest,airport_aware,"{""model__class_weight"": ""balanced_subsample"", ""model__max_depth"": null, ""model__max_features"": 0.5, ""model__min_samples_leaf"": 2, ""model__min_samples_split"": 2, ""model__n_estimators"": 400}",0.37125099149833074,0.06267748045446168,0.4136490345135989,0.016147163968573,0.41596035875990356,0.01184845328683238,0.4198187498295979,0.1036589877700232,0.41596035875990356,0.01184845328683238,1.0866435030506447,0.12128264444292067,0.6537909579543577,0.07927123565685966,0.4107217740652135,0.020656689594237287,0.6064606762099012,0.011991336429836344,0.3713686855957728,0.12478533616052019,0.41581455259814354,0.04836680532998732,0.3812701228479017,0.09090275355821567
random_forest,extended_geographic,"{""model__class_weight"": ""balanced_subsample"", ""model__max_depth"": null, ""model__max_features"": 0.5, ""model__min_samples_leaf"": 2, ""model__min_samples_split"": 2, ""model__n_estimators"": 250}",0.3705663432783895,0.05738578359019071,0.4091866854273902,0.016080509260349006,0.4144840588128312,0.01071928486372903,0.41827837069772417,0.09687439410021477,0.4144840588128312,0.01071928486372903,1.0891231533165295,0.12017927245803879,0.6546249853427013,0.07686388025890237,0.4094726528545592,0.020171035545324286,0.6054586621585869,0.009797477974910594,0.3646524741564678,0.1180531558284329,0.4144602228931298,0.041343975847912745,0.3772262195761992,0.08462652693361686
random_forest,airport_aware,"{""model__class_weight"": ""balanced_subsample"", ""model__max_depth"": null, ""model__max_features"": 0.5, ""model__min_samples_leaf"": 2, ""model__min_samples_split"": 2, ""model__n_estimators"": 250}",0.3701212316297132,0.06185873575185859,0.4100843307133145,0.013969756073481858,0.41539063405871035,0.008062320858945347,0.4178097650443767,0.10459305653842994,0.41539063405871035,0.008062320858945347,1.091802325581499,0.11855915522780408,0.6544945624030925,0.07890552832287384,0.4106922474099501,0.02016595116124451,0.6058378750135938,0.011036040042888533,0.36926363048134553,0.12327510867354921,0.41595375311065375,0.04237905108626725,0.37989874164129495,0.0885213614377924
random_forest,extended_geographic,"{""model__class_weight"": ""balanced_subsample"", ""model__max_depth"": null, ""model__max_features"": 0.5, ""model__min_samples_leaf"": 2, ""model__min_samples_split"": 2, ""model__n_estimators"": 400}",0.369689996261114,0.057271602334361287,0.4084937737615467,0.015783164585584524,0.4132557043682737,0.007793341444224577,0.41813081874104474,0.09754732409393256,0.4132557043682737,0.007793341444224577,1.088038441107333,0.12015250518766343,0.654322416334784,0.07730204197140023,0.4097064914300025,0.02056907343207404,0.6057806876337237,0.009734977294488686,0.36215892413462986,0.11615536244412242,0.4137357590765262,0.03235864226783804,0.37574045534470474,0.08113433764306036
random_forest,airport_aware,"{""model__class_weight"": null, ""model__max_depth"": null, ""model__max_features"": 0.5, ""model__min_samples_leaf"": 2, ""model__min_samples_split"": 2, ""model__n_estimators"": 250}",0.349367287820643,0.0693721707172483,0.4162485833124775,0.017317443559646834,0.4099696053488887,0.01193017754142456,0.4005848240527758,0.13171824914520974,0.4099696053488887,0.01193017754142456,1.105977461663456,0.16835265854434942,0.6627304888415007,0.10989629275121157,0.4114465619692872,0.021957231371434755,0.607092551588374,0.013935954490446953,0.3925165491699141,0.13376793396601533,0.3614589650725436,0.048364451968589656,0.3647698669721827,0.08543121800498266
random_forest,airport_aware,"{""model__class_weight"": null, ""model__max_depth"": null, ""model__max_features"": 0.5, ""model__min_samples_leaf"": 2, ""model__min_samples_split"": 2, ""model__n_estimators"": 400}",0.34810093052799873,0.06629155398382534,0.41487381161713044,0.015203601979041165,0.4092250451190508,0.010859946124748403,0.3995551772480182,0.12879526662570367,0.4092250451190508,0.010859946124748403,1.1045210812472692,0.16864735310455609,0.6620028837228015,0.10992169603162227,0.4122888819088405,0.0221392257545541,0.6082597657352139,0.014317223144569133,0.3929591674608418,0.13117450541412126,0.35502867390420806,0.04456907398548767,0.3623261211771934,0.08183418014895495
random_forest,airport_aware,"{""model__class_weight"": null, ""model__max_depth"": null, ""model__max_features"": 0.5, ""model__min_samples_leaf"": 2, ""model__min_samples_split"": 10, ""model__n_estimators"": 250}",0.34491620651026145,0.07232856385415694,0.4279353459125124,0.02031909111961297,0.4103592562610808,0.013399407305625773,0.3958641472921915,0.14046288460337614,0.4103592562610808,0.013399407305625773,1.0900216256585067,0.1633652526409546,0.6558449155353953,0.10957935688699558,0.4170390302686978,0.022826024271481265,0.6126520258772653,0.014133905849768334,0.39625449457815204,0.1342491215784372,0.3557104745066583,0.05300055115252674,0.36476630770884194,0.08744142983901639
random_forest,airport_aware,"{""model__class_weight"": null, ""model__max_depth"": null, ""model__max_features"": 0.5, ""model__min_samples_leaf"": 2, ""model__min_samples_split"": 10, ""model__n_estimators"": 400}",0.3444570609603005,0.0730010311802378,0.4270611665190547,0.018100513402319714,0.40962506511756763,0.015933032876619735,0.39682265447539156,0.13762684272854972,0.40962506511756763,0.015933032876619735,1.0889384330712815,0.1622779712370307,0.6553916053944033,0.10928915070252758,0.41693293074519977,0.02295095675211468,0.6129477394336594,0.014388853640552602,0.3940199927876259,0.13901753628854666,0.354223241725297,0.06547878936007055,0.36297675852365013,0.09540484092776694
random_forest,extended_geographic,"{""model__class_weight"": null, ""model__max_depth"": null, ""model__max_features"": 0.5, ""model__min_samples_leaf"": 2, ""model__min_samples_split"": 2, ""model__n_estimators"": 250}",0.3441300592702797,0.06650443058742893,0.4111838615266398,0.018789622629054318,0.40368758067615546,0.012251967296061908,0.39769478829294586,0.12612949356624073,0.40368758067615546,0.012251967296061908,1.1060712865477256,0.16587754760093834,0.6624618262223618,0.1075072521312685,0.4104844196950775,0.022526340351949063,0.6061367585351025,0.01451294508488769,0.38396654260553087,0.13331067787285,0.34312248150773533,0.04810512875585891,0.35177053702214245,0.08506937546428645
random_forest,extended_geographic,"{""model__class_weight"": null, ""model__max_depth"": null, ""model__max_features"": 0.5, ""model__min_samples_leaf"": 2, ""model__min_samples_split"": 10, ""model__n_estimators"": 400}",0.34293194532456966,0.07243664767915413,0.42100530920585866,0.02446773696879848,0.40832911665770216,0.011565307996866187,0.39457179621474464,0.14015006996520563,0.40832911665770216,0.011565307996866187,1.088822149398578,0.16067768856995346,0.655398559049376,0.10846294409551056,0.4149802035571821,0.023599804062935725,0.6116352635516246,0.013279628674121885,0.3963720195977746,0.1401251940906028,0.3547478505525558,0.04996539935340801,0.36397976751854194,0.0899213247189636
random_forest,extended_geographic,"{""model__class_weight"": null, ""model__max_depth"": null, ""model__max_features"": 0.5, ""model__min_samples_leaf"": 2, ""model__min_samples_split"": 2, ""model__n_estimators"": 400}",0.3424606403898445,0.06210264137033533,0.40847668774689483,0.0062500319632663335,0.40283204316989973,0.00977433273470962,0.39607690840802023,0.12307717550855485,0.40283204316989973,0.00977433273470962,1.104789415415421,0.1655191955588258,0.6619773558189546,0.10717672260543758,0.4102876090651094,0.02182076232409263,0.6067183339416472,0.01394274802330483,0.3811579777908356,0.12896920725932562,0.3435760363187623,0.04075424865898736,0.350623877705258,0.07885388719125733
random_forest,extended_geographic,"{""model__class_weight"": null, ""model__max_depth"": null, ""model__max_features"": 0.5, ""model__min_samples_leaf"": 2, ""model__min_samples_split"": 10, ""model__n_estimators"": 250}",0.3420027098208992,0.07040084764165248,0.4184390282093802,0.024693684783579174,0.4070904569300769,0.011828682139105727,0.3938572623235433,0.13817635496473085,0.4070904569300769,0.011828682139105727,1.090216123839277,0.16046655337879687,0.656091973857828,0.1082279830887046,0.41413447316591945,0.02298216755382236,0.6102291891963307,0.012736188373315164,0.3952419561345105,0.13688495782814658,0.3521351484556222,0.04710622036987406,0.361922839340842,0.08624506231925387
random_forest,extended_geographic,"{""model__class_weight"": null, ""model__max_depth"": 12, ""model__max_features"": 0.5, ""model__min_samples_leaf"": 2, ""model__min_samples_split"": 2, ""model__n_estimators"": 250}",0.33142067323513913,0.08351569122677156,0.40856575077626334,0.04591074388063039,0.40825201693621416,0.018008715761543732,0.384356601633734,0.1613332504461529,0.40825201693621416,0.018008715761543732,1.0652270369782633,0.156980525109779,0.6457911076382524,0.11235307063371275,0.42506456260780084,0.02418911927299504,0.6220132070054288,0.012295494341978002,0.4023433075467273,0.1586728876424018,0.35000391822438104,0.07979938861657548,0.3651194058035588,0.11155117871539491
random_forest,airport_aware,"{""model__class_weight"": null, ""model__max_depth"": 12, ""model__max_features"": 0.5, ""model__min_samples_leaf"": 2, ""model__min_samples_split"": 2, ""model__n_estimators"": 400}",0.3310747765233086,0.08347374255780624,0.42184491470789387,0.05033852667225777,0.40863314372101645,0.01673768266364077,0.3831160673596583,0.16325220687998318,0.40863314372101645,0.01673768266364077,1.0644883886006138,0.15849107410610855,0.6455514005859366,0.11348693253924629,0.42575604716390636,0.024834780258708136,0.6226537232124747,0.012256466822431046,0.4017295485524618,0.15483300113349469,0.34676492801497544,0.07063715489711815,0.362480514153949,0.10672878199565701
random_forest,airport_aware,"{""model__class_weight"": null, ""model__max_depth"": 12, ""model__max_features"": 0.5, ""model__min_samples_leaf"": 2, ""model__min_samples_split"": 2, ""model__n_estimators"": 250}",0.33006353907626174,0.08412912356853837,0.41793591020779985,0.052713900795272266,0.4071917185361887,0.018103862800674417,0.382132253855554,0.16290297132355028,0.4071917185361887,0.018103862800674417,1.0653636127611186,0.15910884109154144,0.6460841743950305,0.1138528365941301,0.42495480406173786,0.025020748279896688,0.6218198580551955,0.012669350542236127,0.39527385107767754,0.15327012237510687,0.347928589037893,0.07317741653259223,0.3608268454459903,0.10813965913108856
random_forest,extended_geographic,"{""model__class_weight"": null, ""model__max_depth"": null, ""model__max_features"": ""sqrt"", ""model__min_samples_leaf"": 2, ""model__min_samples_split"": 2, ""model__n_estimators"": 400}",0.3299500087648377,0.08029526070662595,0.43141949451625267,0.03158756009111719,0.40345859875335427,0.014481502587052835,0.38290847555028285,0.15738513587151615,0.40345859875335427,0.014481502587052835,1.07055023661986,0.15723084934786882,0.6460811701158293,0.1079097661113767,0.4207212354339333,0.021601585472894806,0.6173576896578481,0.010669258921666015,0.4129877516735766,0.15607249877426307,0.3122536865327581,0.05990565400493134,0.34526863508863453,0.09487697702528983
random_forest,extended_geographic,"{""model__class_weight"": null, ""model__max_depth"": null, ""model__max_features"": ""sqrt"", ""model__min_samples_leaf"": 2, ""model__min_samples_split"": 2, ""model__n_estimators"": 250}",0.32953316524290555,0.07820144308148737,0.43354681350874075,0.036313987292511236,0.4022827027997861,0.011817875907688305,0.38233959607209284,0.15523131193453002,0.4022827027997861,0.011817875907688305,1.0713830217935885,0.1571324208732471,0.6466300796058235,0.10784452732344628,0.4196803810911969,0.02205216091275933,0.6161372297090095,0.011256126678985642,0.4073345835229107,0.1515943913588035,0.3097310395668609,0.05377170050471743,0.34190941710125095,0.09053654572193817
random_forest,extended_geographic,"{""model__class_weight"": null, ""model__max_depth"": 12, ""model__max_features"": 0.5, ""model__min_samples_leaf"": 2, ""model__min_samples_split"": 2, ""model__n_estimators"": 400}",0.32915117956280465,0.0809714012450725,0.4038619682997342,0.03999539449577874,0.40721373830530166,0.01648332558957804,0.38204061209054846,0.16106241417797793,0.40721373830530166,0.01648332558957804,1.0646781127375415,0.15710055178433097,0.6456184890824257,0.11245647460168091,0.42525049774077994,0.024371043809401405,0.6225162687874949,0.01217108126058438,0.3996801384456242,0.1521829628170286,0.34860390724895945,0.07216586448302498,0.362064245358786,0.10387960179412345
random_forest,airport_aware,"{""model__class_weight"": null, ""model__max_depth"": 12, ""model__max_features"": 0.5, ""model__min_samples_leaf"": 2, ""model__min_samples_split"": 10, ""model__n_estimators"": 400}",0.3290614610229253,0.08207360589355882,0.4245361280902257,0.05631534953526442,0.40775433776485237,0.016609014471882726,0.3812764864226833,0.1630214374713776,0.40775433776485237,0.016609014471882726,1.0628995636485317,0.15690684687114237,0.6446634991278676,0.11268495224984255,0.4267351197176434,0.02510432833180632,0.6234286805572832,0.012229076763137111,0.39994123357649064,0.15254902329413045,0.3478042044691903,0.06894424684803223,0.36201255272302996,0.10378487285260586
random_forest,airport_aware,"{""model__class_weight"": null, ""model__max_depth"": 12, ""model__max_features"": 0.5, ""model__min_samples_leaf"": 2, ""model__min_samples_split"": 10, ""model__n_estimators"": 250}",0.328781961831568,0.08366725740395127,0.43411439071773456,0.06534463775126456,0.4067394286195774,0.018004429472701776,0.38148939511866437,0.1629112005627199,0.4067394286195774,0.018004429472701776,1.0638021639259077,0.1565795045396511,0.6450796561701524,0.11252117481968586,0.42639708236128887,0.024288060980493843,0.6222303876714124,0.011223935185165648,0.3965917086665317,0.15537082725508206,0.3451067010508787,0.07397832787637952,0.359609536576337,0.10843749430165216
random_forest,extended_geographic,"{""model__class_weight"": null, ""model__max_depth"": 12, ""model__max_features"": 0.5, ""model__min_samples_leaf"": 2, ""model__min_samples_split"": 10, ""model__n_estimators"": 250}",0.3283415581027743,0.08291957511276127,0.4208196089813091,0.04826666821166342,0.406539955802212,0.01641234234275031,0.3811798684173991,0.1636277166612205,0.406539955802212,0.01641234234275031,1.0634889504514893,0.15570097157058377,0.6448713585284507,0.11165037558271929,0.4248271557742177,0.02387254580813017,0.6229762465945553,0.011672024908699787,0.3957210167512117,0.15330416896348234,0.34603051953799213,0.07034580315581498,0.3602203641130852,0.10615254528294511
random_forest,extended_geographic,"{""model__class_weight"": null, ""model__max_depth"": null, ""model__max_features"": 0.5, ""model__min_samples_leaf"": 10, ""model__min_samples_split"": 2, ""model__n_estimators"": 400}",0.3281962396813761,0.08258894504307453,0.442708723376459,0.048012258049834,0.4061546695598839,0.01763763480714831,0.3815633772147611,0.1621932280649093,0.4061546695598839,0.01763763480714831,1.0662653878469797,0.1561445179971963,0.6454602542975951,0.11065743944882157,0.4232313164669307,0.020061785071434277,0.620877863056669,0.009824537104287432,0.405880257611703,0.1611425044911483,0.3431270539515415,0.06935904567363493,0.3623271382733184,0.10834300688422185
random_forest,extended_geographic,"{""model__class_weight"": null, ""model__max_depth"": null, ""model__max_features"": 0.5, ""model__min_samples_leaf"": 10, ""model__min_samples_split"": 10, ""model__n_estimators"": 400}",0.3281962396813761,0.08258894504307453,0.442708723376459,0.048012258049834,0.4061546695598839,0.01763763480714831,0.3815633772147611,0.1621932280649093,0.4061546695598839,0.01763763480714831,1.0662653878469797,0.1561445179971963,0.6454602542975951,0.11065743944882156,0.4232313164669307,0.020061785071434277,0.620877863056669,0.009824537104287432,0.405880257611703,0.1611425044911483,0.3431270539515415,0.06935904567363493,0.3623271382733184,0.10834300688422185
random_forest,extended_geographic,"{""model__class_weight"": null, ""model__max_depth"": 12, ""model__max_features"": 0.5, ""model__min_samples_leaf"": 2, ""model__min_samples_split"": 10, ""model__n_estimators"": 400}",0.3280638085742931,0.08293365500752779,0.41594281550118906,0.05882966810808415,0.406706659049461,0.01765284958172588,0.3809344383888456,0.16306604681164083,0.406706659049461,0.01765284958172588,1.0630273475662235,0.15577324812753038,0.6446367004207261,0.11171972819967411,0.425161078256931,0.023955610429170066,0.6230171379460696,0.011601666699869452,0.3954190879762342,0.1530168372516825,0.350091652409375,0.07530740616635014,0.3620289890884198,0.10855623014489693
random_forest,airport_aware,"{""model__class_weight"": null, ""model__max_depth"": null, ""model__max_features"": 0.5, ""model__min_samples_leaf"": 10, ""model__min_samples_split"": 2, ""model__n_estimators"": 250}",0.32799433018302065,0.08282070330123346,0.4384281158348157,0.07354624007794218,0.40639491250319787,0.019036464591538696,0.38065445714191176,0.16251784679466216,0.40639491250319787,0.019036464591538696,1.0663111858640844,0.15712698665939961,0.6455988199919421,0.11131222523575951,0.4230868371671946,0.02060229649569841,0.6210249242133037,0.011156610177819692,0.4031013452551132,0.15562824407115436,0.3442200324866763,0.07093566047883605,0.3628480019441527,0.10893899608595545
random_forest,airport_aware,"{""model__class_weight"": null, ""model__max_depth"": null, ""model__max_features"": 0.5, ""model__min_samples_leaf"": 10, ""model__min_samples_split"": 10, ""model__n_estimators"": 250}",0.32799433018302065,0.08282070330123346,0.4384281158348157,0.07354624007794218,0.40639491250319787,0.019036464591538696,0.38065445714191176,0.16251784679466216,0.40639491250319787,0.019036464591538696,1.0663111858640844,0.15712698665939961,0.6455988199919421,0.11131222523575951,0.4230868371671946,0.02060229649569841,0.6210249242133037,0.011156610177819692,0.4031013452551132,0.15562824407115436,0.3442200324866763,0.07093566047883605,0.3628480019441527,0.10893899608595545
random_forest,airport_aware,"{""model__class_weight"": null, ""model__max_depth"": 12, ""model__max_features"": 0.5, ""model__min_samples_leaf"": 10, ""model__min_samples_split"": 2, ""model__n_estimators"": 400}",0.3277711756145322,0.08432164285789759,0.46570838324076264,0.07694090104184019,0.4074929575258655,0.01780362132833435,0.3809011392195922,0.16600495181829092,0.4074929575258655,0.01780362132833435,1.061653006497591,0.15605547998658403,0.6434542143816948,0.11182977873622034,0.42474101392707253,0.021470158926406118,0.6231495361013633,0.010185935913906723,0.4049941539048637,0.1603667212387895,0.3458926610480165,0.06870495712975687,0.36402203446585885,0.1094171814144292
random_forest,airport_aware,"{""model__class_weight"": null, ""model__max_depth"": 12, ""model__max_features"": 0.5, ""model__min_samples_leaf"": 10, ""model__min_samples_split"": 10, ""model__n_estimators"": 400}",0.3277711756145322,0.08432164285789759,0.46570838324076264,0.07694090104184019,0.4074929575258655,0.01780362132833435,0.3809011392195922,0.16600495181829092,0.4074929575258655,0.01780362132833435,1.061653006497591,0.15605547998658403,0.6434542143816948,0.1118297787362203,0.42474101392707253,0.021470158926406118,0.6231495361013633,0.010185935913906723,0.4049941539048637,0.1603667212387895,0.3458926610480165,0.06870495712975687,0.36402203446585885,0.1094171814144292
random_forest,airport_aware,"{""model__class_weight"": null, ""model__max_depth"": null, ""model__max_features"": 0.5, ""model__min_samples_leaf"": 10, ""model__min_samples_split"": 2, ""model__n_estimators"": 400}",0.32767209927687807,0.08537621568918159,0.43379112380750656,0.07280872559607394,0.405731013414999,0.022106736052690975,0.3812414963451009,0.1637124213117013,0.405731013414999,0.022106736052690975,1.0662619287233936,0.15682511911100924,0.645495718621603,0.11107472656688569,0.4228420434354462,0.020707252649042267,0.6208662152085526,0.010861935638309063,0.4024425805824534,0.16138389221360247,0.34105612498151244,0.079121160195682,0.36062328074894967,0.11540512833531685
random_forest,airport_aware,"{""model__class_weight"": null, ""model__max_depth"": null, ""model__max_features"": 0.5, ""model__min_samples_leaf"": 10, ""model__min_samples_split"": 10, ""model__n_estimators"": 400}",0.32767209927687807,0.08537621568918159,0.43379112380750656,0.07280872559607394,0.405731013414999,0.022106736052690975,0.3812414963451009,0.1637124213117013,0.405731013414999,0.022106736052690975,1.0662619287233936,0.15682511911100924,0.645495718621603,0.11107472656688569,0.4228420434354462,0.020707252649042267,0.6208662152085526,0.010861935638309063,0.4024425805824534,0.16138389221360247,0.34105612498151244,0.079121160195682,0.36062328074894967,0.11540512833531685
random_forest,airport_aware,"{""model__class_weight"": null, ""model__max_depth"": 12, ""model__max_features"": 0.5, ""model__min_samples_leaf"": 10, ""model__min_samples_split"": 2, ""model__n_estimators"": 250}",0.3272662581899549,0.0835974629392794,0.4574251978452473,0.05358641325645775,0.4071601586621827,0.01747600257764301,0.38030923915912374,0.16552299422483127,0.4071601586621827,0.01747600257764301,1.0619842575208358,0.15582288070681632,0.6436552704234282,0.11166397103330179,0.4251047812637518,0.020830171346180405,0.622944083602387,0.009957905848939488,0.4037733507065896,0.15851101133707865,0.34558467363394096,0.06784738576086329,0.36283517573668006,0.10744524343796404
random_forest,airport_aware,"{""model__class_weight"": null, ""model__max_depth"": 12, ""model__max_features"": 0.5, ""model__min_samples_leaf"": 10, ""model__min_samples_split"": 10, ""model__n_estimators"": 250}",0.3272662581899549,0.0835974629392794,0.4574251978452473,0.05358641325645775,0.4071601586621827,0.01747600257764301,0.38030923915912374,0.16552299422483127,0.4071601586621827,0.01747600257764301,1.0619842575208358,0.15582288070681632,0.6436552704234282,0.1116639710333018,0.4251047812637518,0.020830171346180405,0.622944083602387,0.009957905848939488,0.4037733507065896,0.15851101133707865,0.34558467363394096,0.06784738576086329,0.36283517573668006,0.10744524343796404
random_forest,extended_geographic,"{""model__class_weight"": null, ""model__max_depth"": null, ""model__max_features"": 0.5, ""model__min_samples_leaf"": 10, ""model__min_samples_split"": 2, ""model__n_estimators"": 250}",0.3263823334590904,0.08237383815972192,0.43023197004975106,0.03488958001782019,0.40420400033220993,0.016886975300464246,0.3798876144850657,0.1618030167548843,0.40420400033220993,0.016886975300464246,1.06656760816785,0.15604813138907483,0.6455797567894459,0.11055561924919874,0.4234475631521093,0.020113430961843298,0.6210017868991015,0.01005574491459999,0.40122591894360476,0.1610937816686374,0.339345021057461,0.06658439238762967,0.35869886154769576,0.10816360274627475
random_forest,extended_geographic,"{""model__class_weight"": null, ""model__max_depth"": null, ""model__max_features"": 0.5, ""model__min_samples_leaf"": 10, ""model__min_samples_split"": 10, ""model__n_estimators"": 250}",0.3263823334590904,0.08237383815972192,0.43023197004975106,0.03488958001782019,0.40420400033220993,0.016886975300464246,0.3798876144850657,0.1618030167548843,0.40420400033220993,0.016886975300464246,1.06656760816785,0.15604813138907486,0.6455797567894459,0.1105556192491988,0.4234475631521093,0.020113430961843298,0.6210017868991015,0.01005574491459999,0.40122591894360476,0.1610937816686374,0.339345021057461,0.06658439238762967,0.35869886154769576,0.10816360274627475
random_forest,extended_geographic,"{""model__class_weight"": null, ""model__max_depth"": 12, ""model__max_features"": 0.5, ""model__min_samples_leaf"": 10, ""model__min_samples_split"": 2, ""model__n_estimators"": 250}",0.32636853117218323,0.08447460439279628,0.41345612401449383,0.07724347668569247,0.4057407533959946,0.019213002075561553,0.38009548144649785,0.16477775469760245,0.4057407533959946,0.019213002075561553,1.0614661321925396,0.15560832991315962,0.6434065021529245,0.1115890083013912,0.42465678834520554,0.021041594903975884,0.6233290869883211,0.009764161521622673,0.40186544805237345,0.1623239878763517,0.3430168276864496,0.07485450123835749,0.36092679861519844,0.1119921762980542
random_forest,extended_geographic,"{""model__class_weight"": null, ""model__max_depth"": 12, ""model__max_features"": 0.5, ""model__min_samples_leaf"": 10, ""model__min_samples_split"": 10, ""model__n_estimators"": 250}",0.32636853117218323,0.08447460439279628,0.41345612401449383,0.07724347668569247,0.4057407533959946,0.019213002075561553,0.38009548144649785,0.16477775469760245,0.4057407533959946,0.019213002075561553,1.0614661321925396,0.15560832991315962,0.6434065021529245,0.1115890083013912,0.42465678834520554,0.021041594903975884,0.6233290869883211,0.009764161521622673,0.40186544805237345,0.1623239878763517,0.3430168276864496,0.07485450123835749,0.36092679861519844,0.1119921762980542
random_forest,extended_geographic,"{""model__class_weight"": null, ""model__max_depth"": 12, ""model__max_features"": 0.5, ""model__min_samples_leaf"": 10, ""model__min_samples_split"": 2, ""model__n_estimators"": 400}",0.32629422271808145,0.08351555026375057,0.40276814619280843,0.058617286045343504,0.406044536149169,0.018995871822826926,0.37980273536857384,0.1638119826744986,0.406044536149169,0.018995871822826926,1.0614926373377218,0.15617673453444086,0.6434269185484667,0.11184829015687246,0.4253700162818822,0.020993064148321795,0.6235614745416066,0.009616186337194068,0.4019712374333187,0.16032383496092512,0.34530152933624636,0.07609235647367717,0.3618342534901392,0.11088639716080931
random_forest,extended_geographic,"{""model__class_weight"": null, ""model__max_depth"": 12, ""model__max_features"": 0.5, ""model__min_samples_leaf"": 10, ""model__min_samples_split"": 10, ""model__n_estimators"": 400}",0.32629422271808145,0.08351555026375057,0.40276814619280843,0.058617286045343504,0.406044536149169,0.018995871822826926,0.37980273536857384,0.1638119826744986,0.406044536149169,0.018995871822826926,1.0614926373377218,0.15617673453444086,0.6434269185484667,0.11184829015687246,0.4253700162818822,0.020993064148321795,0.6235614745416066,0.009616186337194068,0.4019712374333187,0.16032383496092512,0.34530152933624636,0.07609235647367717,0.3618342534901392,0.11088639716080931
random_forest,airport_aware,"{""model__class_weight"": null, ""model__max_depth"": null, ""model__max_features"": ""sqrt"", ""model__min_samples_leaf"": 2, ""model__min_samples_split"": 2, ""model__n_estimators"": 400}",0.32593239423238896,0.07672063052153213,0.4129888537606991,0.06141009881380987,0.40173362073823277,0.013385641052372482,0.3802706927192011,0.15651283243405772,0.40173362073823277,0.013385641052372482,1.0687341593746456,0.15695881899083705,0.6451970358959349,0.10817657177978258,0.4226569130158773,0.020442064321205995,0.6188497212766888,0.008076877292663142,0.41848498292597675,0.15573381202133701,0.3067401498568826,0.05937732164682978,0.34458195159668287,0.09293616770944627
random_forest,airport_aware,"{""model__class_weight"": null, ""model__max_depth"": null, ""model__max_features"": ""sqrt"", ""model__min_samples_leaf"": 2, ""model__min_samples_split"": 2, ""model__n_estimators"": 250}",0.3245448176726519,0.07731600313167476,0.42830387671904624,0.04836924231317038,0.4000780991139711,0.013911704939116904,0.3800618245055318,0.1559628523816392,0.4000780991139711,0.013911704939116904,1.0688054561015634,0.15643025793036125,0.6451212149883963,0.10789976317051272,0.4228300803363047,0.020148192695353426,0.6190142649999927,0.008147031865498299,0.41175791160728376,0.15723350659309912,0.3013760556874894,0.05867867646109947,0.3390821205796052,0.09462815239505137
random_forest,extended_geographic,"{""model__class_weight"": null, ""model__max_depth"": null, ""model__max_features"": ""sqrt"", ""model__min_samples_leaf"": 2, ""model__min_samples_split"": 10, ""model__n_estimators"": 400}",0.3223567027906239,0.07889020466507012,0.41143874009368375,0.0688349425222092,0.3999891368962847,0.01594877712519617,0.3767004334777586,0.1591434695456456,0.3999891368962847,0.01594877712519617,1.0654748542937509,0.1557947666813586,0.6437200052433394,0.10779566525832568,0.4232691180883192,0.021132861175987797,0.6207499279440066,0.009583576844728004,0.41104858210564466,0.15508741684950372,0.3080781393207782,0.0636358182979721,0.3416939635749111,0.09597262583691414
random_forest,airport_aware,"{""model__class_weight"": null, ""model__max_depth"": null, ""model__max_features"": ""sqrt"", ""model__min_samples_leaf"": 2, ""model__min_samples_split"": 10, ""model__n_estimators"": 250}",0.3219772824714783,0.07821488079969968,0.42866617950060004,0.04721725216707204,0.400106799329435,0.014177748918649135,0.3772349854519928,0.15901000495756704,0.400106799329435,0.014177748918649135,1.0666846977407376,0.15559296093137995,0.6442804508392419,0.10772998189692111,0.4232244609861306,0.020627412056338706,0.6186346346365886,0.009245586667153232,0.4170477488745547,0.15901727619393327,0.30097372368628267,0.06139716626396815,0.34009033553750073,0.09601876525856998
random_forest,extended_geographic,"{""model__class_weight"": null, ""model__max_depth"": null, ""model__max_features"": ""sqrt"", ""model__min_samples_leaf"": 2, ""model__min_samples_split"": 10, ""model__n_estimators"": 250}",0.3210147832265581,0.07826523500313905,0.40234115532254133,0.06784692725259817,0.3987912647232818,0.01607734124378894,0.37581809732915966,0.15862878089659882,0.3987912647232818,0.01607734124378894,1.065914675997933,0.15556671246386325,0.6438528833810641,0.10761029436556144,0.4230012946320122,0.02136041913802515,0.6202924108859166,0.009862275985008412,0.40759563363323326,0.1545252788661727,0.30772287365469175,0.061579658473284934,0.34042479662284403,0.0950928622392604
random_forest,airport_aware,"{""model__class_weight"": null, ""model__max_depth"": null, ""model__max_features"": ""sqrt"", ""model__min_samples_leaf"": 2, ""model__min_samples_split"": 10, ""model__n_estimators"": 400}",0.3207628140350215,0.07789695884039824,0.41661625318047324,0.06540174817036908,0.39905837426127266,0.015396242400255132,0.3759368412849383,0.1588001163871396,0.39905837426127266,0.015396242400255132,1.0662055592683413,0.15523786792906158,0.6440157579574942,0.1077332225395105,0.4238185909533588,0.020672789465521122,0.6192088481073535,0.009153921680350965,0.4121569213691161,0.15241857820308383,0.297711014657124,0.06479217504861759,0.3363107722686295,0.09468319631572321
random_forest,extended_geographic,"{""model__class_weight"": null, ""model__max_depth"": 12, ""model__max_features"": ""sqrt"", ""model__min_samples_leaf"": 2, ""model__min_samples_split"": 10, ""model__n_estimators"": 400}",0.30896739796254585,0.07867900952534773,0.32170854396581006,0.1285155858998615,0.39111339744928025,0.017750196695666517,0.3671682192646156,0.16028471798689475,0.39111339744928025,0.017750196695666517,1.059184045284611,0.15663169829485504,0.6399128555504571,0.1088803003972432,0.4293160228593482,0.022275920389466655,0.627167048998645,0.007772311460700697,0.41915631009473897,0.16335217758453258,0.2560769986574842,0.07206214878730717,0.3095673753067451,0.09677525599825958
random_forest,extended_geographic,"{""model__class_weight"": null, ""model__max_depth"": null, ""model__max_features"": ""sqrt"", ""model__min_samples_leaf"": 10, ""model__min_samples_split"": 2, ""model__n_estimators"": 400}",0.3089483004705846,0.07884206621021196,0.29754770633217176,0.10228708747490219,0.3908181942395764,0.016595136433549252,0.3676860172275642,0.16051576133498519,0.3908181942395764,0.016595136433549252,1.0591534424285758,0.15503669981530888,0.6399807916196221,0.10812217639059013,0.42875866808773433,0.019879552786124126,0.6267990534163984,0.006088096077842673,0.4124104781857378,0.16550283052391387,0.260258416119211,0.06371598151267958,0.3107955867400196,0.09550333603993957
random_forest,extended_geographic,"{""model__class_weight"": null, ""model__max_depth"": null, ""model__max_features"": ""sqrt"", ""model__min_samples_leaf"": 10, ""model__min_samples_split"": 10, ""model__n_estimators"": 400}",0.3089483004705846,0.07884206621021196,0.29754770633217176,0.10228708747490219,0.3908181942395764,0.016595136433549252,0.3676860172275642,0.16051576133498519,0.3908181942395764,0.016595136433549252,1.0591534424285758,0.15503669981530888,0.6399807916196221,0.10812217639059003,0.42875866808773433,0.019879552786124126,0.6267990534163984,0.006088096077842673,0.4124104781857378,0.16550283052391387,0.260258416119211,0.06371598151267958,0.3107955867400196,0.09550333603993957
random_forest,extended_geographic,"{""model__class_weight"": null, ""model__max_depth"": null, ""model__max_features"": ""sqrt"", ""model__min_samples_leaf"": 10, ""model__min_samples_split"": 2, ""model__n_estimators"": 250}",0.30883948721294047,0.07968281714642321,0.2972524234504328,0.10304660264328702,0.3903371608360294,0.016456270468492594,0.36775395467121974,0.16113077202400236,0.3903371608360294,0.016456270468492594,1.0591816139082522,0.1552307483436715,0.6399849270866905,0.10818902831478168,0.4292015878283408,0.02071498460757337,0.6270377964172726,0.006132662012288822,0.4118011783589976,0.167708044064456,0.26033549396366895,0.06410228303789153,0.31114284822354416,0.09698556745411395
random_forest,extended_geographic,"{""model__class_weight"": null, ""model__max_depth"": null, ""model__max_features"": ""sqrt"", ""model__min_samples_leaf"": 10, ""model__min_samples_split"": 10, ""model__n_estimators"": 250}",0.30883948721294047,0.07968281714642321,0.2972524234504328,0.10304660264328702,0.3903371608360294,0.016456270468492594,0.36775395467121974,0.16113077202400236,0.3903371608360294,0.016456270468492594,1.0591816139082522,0.1552307483436715,0.6399849270866905,0.10818902831478168,0.4292015878283408,0.02071498460757337,0.6270377964172726,0.006132662012288822,0.4118011783589976,0.167708044064456,0.26033549396366895,0.06410228303789153,0.31114284822354416,0.09698556745411395
random_forest,extended_geographic,"{""model__class_weight"": null, ""model__max_depth"": 12, ""model__max_features"": ""sqrt"", ""model__min_samples_leaf"": 2, ""model__min_samples_split"": 2, ""model__n_estimators"": 400}",0.3084186849838127,0.07978787491996053,0.31624657412380663,0.12222232054391026,0.3901130709471323,0.01796011557794177,0.3670750505457132,0.16116876872217256,0.3901130709471323,0.01796011557794177,1.0590531306273845,0.15690933348008396,0.640001890731203,0.10907492097203189,0.4300117349359488,0.023098557232621716,0.6278545276668495,0.008060630748657815,0.4197753970909576,0.1663038055671266,0.25396582695786385,0.07116747275635538,0.30837399424746603,0.09745468315702746
random_forest,extended_geographic,"{""model__class_weight"": null, ""model__max_depth"": 12, ""model__max_features"": ""sqrt"", ""model__min_samples_leaf"": 2, ""model__min_samples_split"": 10, ""model__n_estimators"": 250}",0.3077345452137773,0.07886175676440717,0.3216694259716753,0.12937599615712878,0.38996769670887627,0.016743616915765876,0.36646158708641974,0.16013935040561827,0.38996769670887627,0.016743616915765876,1.0593499343206338,0.15685418414241054,0.6399904217645129,0.10898898551086715,0.4295925521257761,0.021897473226570652,0.6270895727618561,0.007993257580739618,0.4196248677445393,0.16714024599186353,0.25040742459328585,0.07114683713629033,0.30591739655939987,0.09729837864385874
random_forest,airport_aware,"{""model__class_weight"": null, ""model__max_depth"": null, ""model__max_features"": ""sqrt"", ""model__min_samples_leaf"": 10, ""model__min_samples_split"": 2, ""model__n_estimators"": 250}",0.30753197639717234,0.07680687902476324,0.2987103799865349,0.10062155785559064,0.3900808077387007,0.016588259328163688,0.36610232473511256,0.1585954161338771,0.3900808077387007,0.016588259328163688,1.0599502869671984,0.1551055188911408,0.6400818964105408,0.10781087048183952,0.4299413593317324,0.020983846419208564,0.6269954272188317,0.006803963336596644,0.4172584836824984,0.1625578763144782,0.25312601130132684,0.0651108334516444,0.3066493591920333,0.09222088785333406
random_forest,airport_aware,"{""model__class_weight"": null, ""model__max_depth"": null, ""model__max_features"": ""sqrt"", ""model__min_samples_leaf"": 10, ""model__min_samples_split"": 10, ""model__n_estimators"": 250}",0.30753197639717234,0.07680687902476324,0.2987103799865349,0.10062155785559064,0.3900808077387007,0.016588259328163688,0.36610232473511256,0.1585954161338771,0.3900808077387007,0.016588259328163688,1.0599502869671984,0.1551055188911408,0.6400818964105408,0.10781087048183952,0.4299413593317324,0.020983846419208564,0.6269954272188317,0.006803963336596644,0.4172584836824984,0.1625578763144782,0.25312601130132684,0.0651108334516444,0.3066493591920333,0.09222088785333406
random_forest,airport_aware,"{""model__class_weight"": null, ""model__max_depth"": null, ""model__max_features"": ""sqrt"", ""model__min_samples_leaf"": 10, ""model__min_samples_split"": 2, ""model__n_estimators"": 400}",0.3068293176662099,0.0784786916142162,0.2992340298774717,0.10279458444915938,0.3891243361236463,0.017757003468012702,0.36597680697840207,0.15882072885408222,0.3891243361236463,0.017757003468012702,1.059755652275408,0.15554032798566614,0.6399789585942705,0.10808251963626724,0.4304758052797431,0.02104562376226864,0.627326295250069,0.006364823637179317,0.4193200695337837,0.17089560383097782,0.24908332618964962,0.06870425023455569,0.30474102198549746,0.09729220974080209
random_forest,airport_aware,"{""model__class_weight"": null, ""model__max_depth"": null, ""model__max_features"": ""sqrt"", ""model__min_samples_leaf"": 10, ""model__min_samples_split"": 10, ""model__n_estimators"": 400}",0.3068293176662099,0.0784786916142162,0.2992340298774717,0.10279458444915938,0.3891243361236463,0.017757003468012702,0.36597680697840207,0.15882072885408222,0.3891243361236463,0.017757003468012702,1.059755652275408,0.15554032798566614,0.6399789585942705,0.1080825196362672,0.4304758052797431,0.02104562376226864,0.627326295250069,0.006364823637179317,0.4193200695337837,0.17089560383097782,0.24908332618964962,0.06870425023455569,0.30474102198549746,0.09729220974080209
random_forest,extended_geographic,"{""model__class_weight"": null, ""model__max_depth"": 12, ""model__max_features"": ""sqrt"", ""model__min_samples_leaf"": 2, ""model__min_samples_split"": 2, ""model__n_estimators"": 250}",0.3065618454551038,0.07873996970676714,0.31295919048562265,0.12068499083787254,0.3884794126703618,0.0167231777736524,0.3653743451469798,0.16030815570783913,0.3884794126703618,0.0167231777736524,1.0595325778239904,0.15733190520734844,0.6402152427603232,0.1092113401256903,0.42880907052495054,0.022939551078058007,0.6272719650537688,0.008019010719653124,0.41038691817628276,0.16082322605943059,0.25146799463611375,0.06928866765655037,0.30385163134755544,0.09450682555214737
random_forest,airport_aware,"{""model__class_weight"": null, ""model__max_depth"": 12, ""model__max_features"": ""sqrt"", ""model__min_samples_leaf"": 2, ""model__min_samples_split"": 2, ""model__n_estimators"": 250}",0.30514736031896483,0.07950906064133188,0.32252005553057905,0.13066424862869316,0.387615340392704,0.017650428551745593,0.3649789886357995,0.15992001877398834,0.387615340392704,0.017650428551745593,1.060336271654756,0.1561802007134328,0.6402845922555489,0.10834563701533588,0.4298072429695984,0.024592839695215963,0.6258397519441827,0.009083075370278056,0.42333318895818894,0.17056359134822827,0.23854459252117835,0.07347854975765704,0.2980089085919404,0.09826730459701659
random_forest,airport_aware,"{""model__class_weight"": null, ""model__max_depth"": 12, ""model__max_features"": ""sqrt"", ""model__min_samples_leaf"": 2, ""model__min_samples_split"": 10, ""model__n_estimators"": 400}",0.3047547379521321,0.07958751305419662,0.3182358055177413,0.12220116556536678,0.3875800970473345,0.019059023747361032,0.3646125783068199,0.15999351955605493,0.3875800970473345,0.019059023747361032,1.0599282808954342,0.15629164434700057,0.6400034131522221,0.10812459745993373,0.4303481768068993,0.02111474002042039,0.6272910215073544,0.006973829834038427,0.42741145506244854,0.16866745040203326,0.23515632890406626,0.07557787562226259,0.29629718368884717,0.09961493082890428
random_forest,airport_aware,"{""model__class_weight"": null, ""model__max_depth"": 12, ""model__max_features"": ""sqrt"", ""model__min_samples_leaf"": 2, ""model__min_samples_split"": 10, ""model__n_estimators"": 250}",0.30446422578426763,0.07755314033627446,0.31776974268861624,0.12002333208465525,0.3876912470456063,0.018190058307774246,0.36385449940307446,0.15887266142878684,0.3876912470456063,0.018190058307774246,1.0598254947258543,0.15688034497738074,0.6399448193708044,0.10838212386307113,0.430333016754186,0.021636583962704587,0.6275157874832556,0.007246056112597523,0.4261237595359765,0.16248875827153614,0.23592770234873955,0.07337310496501902,0.2955902837135348,0.09456200368089411
random_forest,airport_aware,"{""model__class_weight"": null, ""model__max_depth"": 12, ""model__max_features"": ""sqrt"", ""model__min_samples_leaf"": 2, ""model__min_samples_split"": 2, ""model__n_estimators"": 400}",0.3032794471530974,0.08107472567769147,0.3169369312068819,0.12467834534328895,0.3859499854854966,0.019748097052873042,0.3637254653604564,0.1604774940573709,0.3859499854854966,0.019748097052873042,1.0603491146797688,0.15609601403575638,0.6403498766259761,0.1082553606797877,0.4296799953148368,0.023470045512918307,0.6263722746735653,0.008579133596807618,0.4241340264450336,0.1741327256201123,0.2326149496847229,0.07867961025153279,0.29291781589510574,0.1023599836011261
random_forest,extended_geographic,"{""model__class_weight"": null, ""model__max_depth"": 12, ""model__max_features"": ""sqrt"", ""model__min_samples_leaf"": 10, ""model__min_samples_split"": 2, ""model__n_estimators"": 250}",0.30178426768516137,0.07585436873947039,0.29724099304221163,0.10141947360069435,0.38517698169375075,0.014986121259632734,0.36213360526310645,0.15726241388440462,0.38517698169375075,0.014986121259632734,1.0600765361662592,0.15600507163551222,0.6402546162259626,0.10829863928962358,0.4286673029978264,0.020806037764624866,0.6267182171078514,0.006239617665983177,0.41525865535814194,0.1665164459360123,0.23189762589969973,0.06223248709314786,0.28988755918246223,0.08938140859206274
random_forest,extended_geographic,"{""model__class_weight"": null, ""model__max_depth"": 12, ""model__max_features"": ""sqrt"", ""model__min_samples_leaf"": 10, ""model__min_samples_split"": 10, ""model__n_estimators"": 250}",0.30178426768516137,0.07585436873947039,0.29724099304221163,0.10141947360069435,0.38517698169375075,0.014986121259632734,0.36213360526310645,0.15726241388440462,0.38517698169375075,0.014986121259632734,1.0600765361662592,0.15600507163551222,0.6402546162259626,0.1082986392896236,0.4286673029978264,0.020806037764624866,0.6267182171078514,0.006239617665983177,0.41525865535814194,0.1665164459360123,0.23189762589969973,0.06223248709314786,0.28988755918246223,0.08938140859206274
random_forest,extended_geographic,"{""model__class_weight"": null, ""model__max_depth"": 12, ""model__max_features"": ""sqrt"", ""model__min_samples_leaf"": 10, ""model__min_samples_split"": 2, ""model__n_estimators"": 400}",0.3006151768583594,0.07616749496915207,0.2956119265233087,0.10060033467579603,0.3842143841491156,0.016122920170794555,0.3611784998859696,0.15703203961699932,0.3842143841491156,0.016122920170794555,1.060383863865385,0.15609414100658653,0.6403451197109126,0.10829177275830919,0.4284102312478745,0.020917500576676015,0.6263492908528451,0.005717312677361299,0.41058338886579,0.16351071027438388,0.22983306381411217,0.06730368255276895,0.28688414638383347,0.09088415269103273
random_forest,extended_geographic,"{""model__class_weight"": null, ""model__max_depth"": 12, ""model__max_features"": ""sqrt"", ""model__min_samples_leaf"": 10, ""model__min_samples_split"": 10, ""model__n_estimators"": 400}",0.3006151768583594,0.07616749496915207,0.2956119265233087,0.10060033467579603,0.3842143841491156,0.016122920170794555,0.3611784998859696,0.15703203961699932,0.3842143841491156,0.016122920170794555,1.060383863865385,0.1560941410065865,0.6403451197109126,0.10829177275830917,0.4284102312478745,0.020917500576676015,0.6263492908528451,0.005717312677361299,0.41058338886579,0.16351071027438388,0.22983306381411217,0.06730368255276895,0.28688414638383347,0.09088415269103273
random_forest,airport_aware,"{""model__class_weight"": null, ""model__max_depth"": 12, ""model__max_features"": ""sqrt"", ""model__min_samples_leaf"": 10, ""model__min_samples_split"": 2, ""model__n_estimators"": 400}",0.2966610423423761,0.08076465961662248,0.2970095355995788,0.10684441019036768,0.3805979912541847,0.019473971099574067,0.3594169518250554,0.15870118887337628,0.3805979912541847,0.019473971099574067,1.061140307697808,0.15585475389153705,0.6405318154625301,0.10783630588705657,0.4289684986489541,0.021736081875975394,0.6260220466994654,0.006717408753627308,0.41658534462084723,0.18110531726083276,0.21287278537026383,0.07695763108338144,0.2751369081368874,0.10329702656589128
random_forest,airport_aware,"{""model__class_weight"": null, ""model__max_depth"": 12, ""model__max_features"": ""sqrt"", ""model__min_samples_leaf"": 10, ""model__min_samples_split"": 10, ""model__n_estimators"": 400}",0.2966610423423761,0.08076465961662248,0.2970095355995788,0.10684441019036768,0.3805979912541847,0.019473971099574067,0.3594169518250554,0.15870118887337628,0.3805979912541847,0.019473971099574067,1.061140307697808,0.15585475389153705,0.6405318154625301,0.10783630588705659,0.4289684986489541,0.021736081875975394,0.6260220466994654,0.006717408753627308,0.41658534462084723,0.18110531726083276,0.21287278537026383,0.07695763108338144,0.2751369081368874,0.10329702656589128
random_forest,airport_aware,"{""model__class_weight"": null, ""model__max_depth"": 12, ""model__max_features"": ""sqrt"", ""model__min_samples_leaf"": 10, ""model__min_samples_split"": 2, ""model__n_estimators"": 250}",0.2960995620127339,0.07965577166131445,0.2947965484409786,0.10436801702222558,0.3801612543493897,0.019221016239655567,0.3584040629660739,0.1578349481190537,0.3801612543493897,0.019221016239655567,1.061088544072526,0.15570023446758272,0.6404867486370549,0.10773372099154825,0.4289426913065563,0.02273670877905255,0.626049238572229,0.007880587790921044,0.4104657759808935,0.1728617509709837,0.21377512531354306,0.07629709150155185,0.2744360378712392,0.1011715649727876
random_forest,airport_aware,"{""model__class_weight"": null, ""model__max_depth"": 12, ""model__max_features"": ""sqrt"", ""model__min_samples_leaf"": 10, ""model__min_samples_split"": 10, ""model__n_estimators"": 250}",0.2960995620127339,0.07965577166131445,0.2947965484409786,0.10436801702222558,0.3801612543493897,0.019221016239655567,0.3584040629660739,0.1578349481190537,0.3801612543493897,0.019221016239655567,1.061088544072526,0.15570023446758272,0.6404867486370549,0.10773372099154825,0.4289426913065563,0.02273670877905255,0.626049238572229,0.007880587790921044,0.4104657759808935,0.1728617509709837,0.21377512531354306,0.07629709150155185,0.2744360378712392,0.1011715649727876
