mean_fit_time,std_fit_time,mean_score_time,std_score_time,param_model__colsample_bytree,param_model__gamma,param_model__learning_rate,param_model__max_depth,param_model__min_child_weight,param_model__n_estimators,param_model__reg_alpha,param_model__reg_lambda,param_model__scale_pos_weight,param_model__subsample,params,split0_test_average_precision,split1_test_average_precision,split2_test_average_precision,split3_test_average_precision,split4_test_average_precision,mean_test_average_precision,std_test_average_precision,rank_test_average_precision,split0_test_roc_auc,split1_test_roc_auc,split2_test_roc_auc,split3_test_roc_auc,split4_test_roc_auc,mean_test_roc_auc,std_test_roc_auc,rank_test_roc_auc,split0_test_precision,split1_test_precision,split2_test_precision,split3_test_precision,split4_test_precision,mean_test_precision,std_test_precision,rank_test_precision,split0_test_recall,split1_test_recall,split2_test_recall,split3_test_recall,split4_test_recall,mean_test_recall,std_test_recall,rank_test_recall,split0_test_f1,split1_test_f1,split2_test_f1,split3_test_f1,split4_test_f1,mean_test_f1,std_test_f1,rank_test_f1,split0_test_neg_brier,split1_test_neg_brier,split2_test_neg_brier,split3_test_neg_brier,split4_test_neg_brier,mean_test_neg_brier,std_test_neg_brier,rank_test_neg_brier,split0_test_neg_log_loss,split1_test_neg_log_loss,split2_test_neg_log_loss,split3_test_neg_log_loss,split4_test_neg_log_loss,mean_test_neg_log_loss,std_test_neg_log_loss,rank_test_neg_log_loss
1.8484638690948487,0.357400082323624,0.19843621253967286,0.015099842131397131,0.8436350297118407,0.4753571532049581,0.08741169448864673,7,5,352,0.006071989493441302,0.6745907294787586,4.0,0.9665440364437338,"{'model__colsample_bytree': np.float64(0.8436350297118407), 'model__gamma': np.float64(0.4753571532049581), 'model__learning_rate': np.float64(0.08741169448864673), 'model__max_depth': 7, 'model__min_child_weight': 5, 'model__n_estimators': 352, 'model__reg_alpha': np.float64(0.006071989493441302), 'model__reg_lambda': np.float64(0.6745907294787586), 'model__scale_pos_weight': 4.0, 'model__subsample': np.float64(0.9665440364437338)}",0.4897063476366327,0.5116914896930101,0.5057510895531128,0.5137974421939799,0.5118670750260822,0.5065626888205637,0.008849606762570595,13,0.7008106923751095,0.7047574702933319,0.7002052545155993,0.6967764360158625,0.7028424712922529,0.7010784648984312,0.0026828511049456004,16,0.4395924308588064,0.4442953020134228,0.45253576072821844,0.46808510638297873,0.4238833181403829,0.44567838362476186,0.014581230817623303,12,0.5602968460111317,0.6402321083172147,0.6214285714285714,0.7287066246056783,0.7380952380952381,0.6577518776915668,0.06725093273292243,9,0.4926590538336052,0.5245641838351822,0.5237020316027088,0.5700185070943862,0.5385060799073538,0.5298899712546472,0.02504928157749149,9,-0.21371909888220672,-0.22413131830472377,-0.22730359099879927,-0.24015049331114377,-0.24173845063891025,-0.22940859042715678,0.01044848983343567,12,-0.6245965749149838,-0.6485106364074964,-0.6579029037414018,-0.6867719678925506,-0.6865463900719324,-0.660865694605673,0.02369602393300793,13
2.3340694427490236,0.49185471791502083,0.2110239028930664,0.022906247892947377,0.9002787529358022,0.35403628889802274,0.020846957895078073,4,4,663,0.0007068974950624604,0.8620446097910766,1.0,0.9043703774069292,"{'model__colsample_bytree': np.float64(0.9002787529358022), 'model__gamma': np.float64(0.35403628889802274), 'model__learning_rate': np.float64(0.020846957895078073), 'model__max_depth': 4, 'model__min_child_weight': 4, 'model__n_estimators': 663, 'model__reg_alpha': np.float64(0.0007068974950624604), 'model__reg_lambda': np.float64(0.8620446097910766), 'model__scale_pos_weight': 1.0, 'model__subsample': np.float64(0.9043703774069292)}",0.5246703415186353,0.5233191527803965,0.5248567586663972,0.5282234900813223,0.5298865012940863,0.5261912488681675,0.002454703812747063,4,0.7212017824419226,0.7236073011700007,0.7225442763312221,0.7104835609296252,0.7226848963748527,0.7201043634495246,0.004871284579949914,3,0.665,0.6033755274261603,0.5954198473282443,0.5791139240506329,0.580441640378549,0.6046701878367172,0.031518490799513174,2,0.24675324675324675,0.2765957446808511,0.2785714285714286,0.2886435331230284,0.2920634920634921,0.27652548903840934,0.015992834305142662,20,0.35994587280108253,0.3793103448275862,0.3795620437956204,0.38526315789473686,0.3885955649419219,0.37853539685218957,0.009936746986785962,20,-0.18157990851968167,-0.18562762746273023,-0.18975916108633847,-0.20267766988660635,-0.1881486399436556,-0.18955860137980246,0.007116885128008817,1,-0.5450761580662905,-0.5513699262842324,-0.5621945073571571,-0.5883026149514679,-0.5545443625402248,-0.5602975138398745,0.015049083119589145,1
2.0642807483673096,0.49331213550158737,0.19581780433654786,0.03175767425449401,0.9029132901220702,0.003533152609858703,0.020951302649963185,5,3,419,0.00015369603110608848,9.243897959491427,4.0,0.864017496054259,"{'model__colsample_bytree': np.float64(0.9029132901220702), 'model__gamma': np.float64(0.003533152609858703), 'model__learning_rate': np.float64(0.020951302649963185), 'model__max_depth': 5, 'model__min_child_weight': 3, 'model__n_estimators': 419, 'model__reg_alpha': np.float64(0.00015369603110608848), 'model__reg_lambda': np.float64(9.243897959491427), 'model__scale_pos_weight': 4.0, 'model__subsample': np.float64(0.864017496054259)}",0.5226770282219066,0.5292237768250236,0.5262350030093299,0.5352856828031285,0.5263840591465114,0.52796111000118,0.004210267194244381,2,0.7193009663430348,0.7291604828740202,0.7205283837673,0.71493761948147,0.7210363669970656,0.7209927638925782,0.004614241785587279,2,0.42735042735042733,0.4299465240641711,0.44258872651356995,0.45565217391304347,0.4132295719844358,0.43375348476512954,0.014382886866095328,15,0.6493506493506493,0.7775628626692457,0.7571428571428571,0.8264984227129337,0.8428571428571429,0.7706823869465658,0.06823001626988531,5,0.5154639175257731,0.5537190082644629,0.5586297760210803,0.5874439461883408,0.5545691906005222,0.5539651677200359,0.022914444714943225,2,-0.2211022606624393,-0.23144953033073482,-0.23366102321154752,-0.24702465289560294,-0.24978033905432923,-0.2366035612309308,0.010561624014526457,15,-0.6315391849523597,-0.6572196672734951,-0.6632215277839772,-0.6952739569174655,-0.6999818403143281,-0.6694472354483252,0.025395569644976218,14
1.782461452484131,0.3219422380634834,0.16876401901245117,0.006657586268123239,0.9462939903482535,0.09983689107917987,0.05636592429685256,3,3,556,0.05262961031076742,1.9278935225635085,2.0,0.9872213843133333,"{'model__colsample_bytree': np.float64(0.9462939903482535), 'model__gamma': np.float64(0.09983689107917987), 'model__learning_rate': np.float64(0.05636592429685256), 'model__max_depth': 3, 'model__min_child_weight': 3, 'model__n_estimators': 556, 'model__reg_alpha': np.float64(0.05262961031076742), 'model__reg_lambda': np.float64(1.9278935225635085), 'model__scale_pos_weight': 2.0, 'model__subsample': np.float64(0.9872213843133333)}",0.5286010919836837,0.5146466507451989,0.5215738830722279,0.5268429757934376,0.5223886021608017,0.52281064075107,0.004861017801139945,7,0.7217111328636306,0.7149864146832322,0.7169569551958714,0.7069366399309048,0.7163957625748018,0.7153973810496882,0.0047967808536272,8,0.5221052631578947,0.4935779816513762,0.5176678445229682,0.5130434782608696,0.5036496350364964,0.5100088405259211,0.01024309940118148,6,0.4601113172541744,0.5203094777562862,0.5232142857142857,0.5583596214511041,0.5476190476190477,0.5219227499589797,0.03409653719190935,12,0.4891518737672584,0.5065913370998116,0.5204262877442274,0.5347432024169184,0.5247148288973384,0.5151255059851108,0.01582636422943933,12,-0.18524291650240818,-0.1960390449181166,-0.1981812836134085,-0.2096407942618388,-0.20161596568046655,-0.19814400099524773,0.007938526379143595,6,-0.5494580595607529,-0.5740487474719431,-0.5802859546724604,-0.6049405652545553,-0.5862307440806541,-0.5789928142080731,0.018022714298573148,6
3.40793776512146,0.349617737628088,0.28339524269104005,0.015509713071295679,0.9914080082686398,0.40419867405823057,0.03694755509074355,7,2,589,0.0009206654892274767,3.8718305057994216,8.0,0.8737942275278175,"{'model__colsample_bytree': np.float64(0.9914080082686398), 'model__gamma': np.float64(0.40419867405823057), 'model__learning_rate': np.float64(0.03694755509074355), 'model__max_depth': 7, 'model__min_child_weight': 2, 'model__n_estimators': 589, 'model__reg_alpha': np.float64(0.0009206654892274767), 'model__reg_lambda': np.float64(3.8718305057994216), 'model__scale_pos_weight': 8.0, 'model__subsample': np.float64(0.8737942275278175)}",0.4954886404427097,0.5200153890725783,0.507097844735853,0.5127419316306552,0.5171996131357726,0.5105086838035138,0.0086875646986424,11,0.7069357023344754,0.7125474181374579,0.7018252990851513,0.6980179900254367,0.7066686305769275,0.7051990080318898,0.004942144479301237,12,0.40790842872008326,0.40824742268041236,0.41634615384615387,0.44363341443633414,0.3958031837916064,0.414387720694918,0.016026325585967716,18,0.7272727272727273,0.7659574468085106,0.7732142857142857,0.862776025236593,0.8682539682539683,0.799494890657217,0.056149414895645434,2,0.5226666666666666,0.5326160053799597,0.54125,0.5859667916443492,0.5437375745526839,0.5452474076487318,0.021659959757327624,4,-0.24327154605393564,-0.2593217820816371,-0.2628248758713209,-0.28262839348107566,-0.29358065260957833,-0.2683254500195095,0.017784374634726784,18,-0.6972489025928013,-0.7397426264069765,-0.7519951551229578,-0.8081954094878268,-0.8259094076801092,-0.7646183002581342,0.04684515552812543,18
2.471678686141968,0.3156169755386851,0.24511890411376952,0.020279335475125396,0.7585971302788046,0.45466020103939103,0.03368824084567454,6,2,639,0.0006788387912421225,2.7388305239120823,1.0,0.9923961569411397,"{'model__colsample_bytree': np.float64(0.7585971302788046), 'model__gamma': np.float64(0.45466020103939103), 'model__learning_rate': np.float64(0.03368824084567454), 'model__max_depth': 6, 'model__min_child_weight': 2, 'model__n_estimators': 639, 'model__reg_alpha': np.float64(0.0006788387912421225), 'model__reg_lambda': np.float64(2.7388305239120823), 'model__scale_pos_weight': 1.0, 'model__subsample': np.float64(0.9923961569411397)}",0.5241265848559543,0.5132336178965433,0.5199700055953864,0.5241008580254242,0.5191515099550869,0.520116515265679,0.004007059317579408,10,0.7145546171619791,0.7194208055946063,0.7148032488857611,0.7099240058351722,0.7145023220350731,0.7146409999025185,0.003004982320974298,9,0.6523809523809524,0.5901639344262295,0.6115107913669064,0.5706051873198847,0.5835777126099707,0.6016477156207888,0.028611824052249404,4,0.2541743970315399,0.27852998065764023,0.30357142857142855,0.31230283911671924,0.31587301587301586,0.2928903322500688,0.023342143542056666,18,0.3658210947930574,0.37844940867279897,0.40572792362768495,0.4036697247706422,0.4098867147270855,0.3927109733182538,0.0173838955066624,18,-0.1828516223823807,-0.18760840952209767,-0.19198693757480007,-0.20372342436786642,-0.1904477135034713,-0.19132362147012322,0.006935991396838816,4,-0.5501525846574247,-0.5580348388390727,-0.5703697850031001,-0.591549714449194,-0.5612272797892007,-0.5662668405475986,0.014204859264277616,4
2.355889654159546,0.3961594878066302,0.23261828422546388,0.025434351959929578,0.9437832058402786,0.46974947078209456,0.12135529978839235,6,1,439,0.0020013420622879987,1.6019568611465231,2.0,0.8849230330972699,"{'model__colsample_bytree': np.float64(0.9437832058402786), 'model__gamma': np.float64(0.46974947078209456), 'model__learning_rate': np.float64(0.12135529978839235), 'model__max_depth': 6, 'model__min_child_weight': 1, 'model__n_estimators': 439, 'model__reg_alpha': np.float64(0.0020013420622879987), 'model__reg_lambda': np.float64(1.6019568611465231), 'model__scale_pos_weight': 2.0, 'model__subsample': np.float64(0.8849230330972699)}",0.4795493079750547,0.49738102922934946,0.4948930327200162,0.5055766195688958,0.4984049091210805,0.49516097972287926,0.008575935418504349,19,0.6933112899370568,0.6970400970705948,0.6879647548674642,0.6862765492434815,0.693430720177445,0.6916046822592085,0.003935193293021738,19,0.49292452830188677,0.49015317286652077,0.4950884086444008,0.49612403100775193,0.4751066856330014,0.48987936529071235,0.0076643334374323375,8,0.3877551020408163,0.4332688588007737,0.45,0.5047318611987381,0.5301587301587302,0.4611829104398117,0.05089217941725712,15,0.43406022845275183,0.459958932238193,0.4714686623012161,0.5003909304143862,0.5011252813203301,0.4734008069453755,0.02541342770640665,15,-0.20163803378050837,-0.20584912238245506,-0.21175334098709778,-0.22102657686637184,-0.21094827458607895,-0.21024306972050238,0.006517908810412674,8,-0.6135280857302485,-0.6167466022269085,-0.6320828081643515,-0.6411873581568392,-0.6147833818662652,-0.6236656472289226,0.011021768704761879,8
2.629747724533081,0.3948745145401205,0.2311415195465088,0.008847632950529715,0.8966877914159621,0.482627653632069,0.06795511493804139,7,1,406,0.16172900811143134,0.6251188975400557,4.0,0.8558503701765924,"{'model__colsample_bytree': np.float64(0.8966877914159621), 'model__gamma': np.float64(0.482627653632069), 'model__learning_rate': np.float64(0.06795511493804139), 'model__max_depth': 7, 'model__min_child_weight': 1, 'model__n_estimators': 406, 'model__reg_alpha': np.float64(0.16172900811143134), 'model__reg_lambda': np.float64(0.6251188975400557), 'model__scale_pos_weight': 4.0, 'model__subsample': np.float64(0.8558503701765924)}",0.47914453879095265,0.5059495569649237,0.49947174401155686,0.5079984830692361,0.5027671487634496,0.4990662943200238,0.010372081342855886,18,0.6904671796214303,0.7027253808944455,0.6948481116584564,0.6906147469757693,0.6991272151752502,0.6955565268650704,0.004795138768556162,18,0.44353518821603927,0.4563253012048193,0.46458923512747874,0.46357615894039733,0.43157894736842106,0.4519209661714312,0.012647890929400073,11,0.5027829313543599,0.586073500967118,0.5857142857142857,0.6624605678233438,0.7158730158730159,0.6105808603464247,0.07296203499901444,11,0.47130434782608693,0.5131244707874683,0.5181674565560821,0.5454545454545454,0.5385074626865671,0.5173116566621501,0.025985464275053192,11,-0.21269374231747118,-0.218958345717382,-0.2248077238457321,-0.23713705951818884,-0.23775261077879561,-0.22626989643551396,0.009898046730318391,11,-0.6270424987737561,-0.6411562273470464,-0.6575656353807398,-0.6792965655697567,-0.6761796607181634,-0.6562481175578924,0.02005475774183974,11
2.5866148471832275,0.3487750580637074,0.24200973510742188,0.010348673805570906,0.8487203795438925,0.14674408735901906,0.020575514470072775,5,1,641,0.08241925264876443,5.039829683935365,1.0,0.9815752196283373,"{'model__colsample_bytree': np.float64(0.8487203795438925), 'model__gamma': np.float64(0.14674408735901906), 'model__learning_rate': np.float64(0.020575514470072775), 'model__max_depth': 5, 'model__min_child_weight': 1, 'model__n_estimators': 641, 'model__reg_alpha': np.float64(0.08241925264876443), 'model__reg_lambda': np.float64(5.039829683935365), 'model__scale_pos_weight': 1.0, 'model__subsample': np.float64(0.9815752196283373)}",0.5270851086800215,0.5210687226972052,0.5219469403655528,0.5282621754864315,0.5243710807773312,0.5245468056013085,0.0027976488360175397,5,0.7167001491059335,0.7241862672507429,0.7191854327938072,0.713179958184777,0.7191677641459301,0.7184839142962381,0.0035997326768401248,5,0.678391959798995,0.6101694915254238,0.6085271317829457,0.5789473684210527,0.5835866261398176,0.611924515533647,0.03556141639408845,1,0.2504638218923933,0.27852998065764023,0.28035714285714286,0.2949526813880126,0.3047619047619048,0.28181310631141876,0.018411801436785672,19,0.36585365853658536,0.38247011952191234,0.38386308068459657,0.39080459770114945,0.40041710114702816,0.38468171151825437,0.011359129338630177,19,-0.18188028962787847,-0.1856238165401497,-0.19056809911295297,-0.2021576634759519,-0.18892440366634286,-0.1898308544846552,0.006844356104765569,2,-0.5467743047159654,-0.5518520074900098,-0.5645798203894492,-0.5869017701921448,-0.5569209549583115,-0.561405771549176,0.014039859985669072,2
1.5030067443847657,0.2657827867628402,0.16683363914489746,0.013280331373103416,0.9127692563754861,0.4574798377718904,0.11088321956712738,6,2,282,0.00017956984225677631,1.2693089228250278,8.0,0.9164805891543741,"{'model__colsample_bytree': np.float64(0.9127692563754861), 'model__gamma': np.float64(0.4574798377718904), 'model__learning_rate': np.float64(0.11088321956712738), 'model__max_depth': 6, 'model__min_child_weight': 2, 'model__n_estimators': 282, 'model__reg_alpha': np.float64(0.00017956984225677631), 'model__reg_lambda': np.float64(1.2693089228250278), 'model__scale_pos_weight': 8.0, 'model__subsample': np.float64(0.9164805891543741)}",0.4902105527619505,0.5108393245373275,0.5030356412758709,0.5161528359827785,0.514288846028477,0.5069054401172809,0.009478386641756516,12,0.6952946264953277,0.7047395304992808,0.6899645202908748,0.7000218555636892,0.7002477992652665,0.6980536664228878,0.005028625107102484,17,0.40728831725616294,0.4073684210526316,0.4117647058823529,0.4425144747725393,0.3973313565604151,0.4132534551048204,0.015376302310039888,19,0.7050092764378478,0.7485493230174082,0.7125,0.8438485804416404,0.8507936507936508,0.7721401661381095,0.0631640736154055,4,0.5163043478260869,0.5276073619631901,0.5219097449313277,0.5805751492132393,0.5416877210712481,0.5376168650010185,0.023078618727654366,7,-0.24762620802623012,-0.25989039550883325,-0.26567332077965056,-0.2801101187819593,-0.2937303048876544,-0.2694060695968655,0.01603177425337991,19,-0.7154364267156762,-0.7448599353171504,-0.7662400397363979,-0.8043721251471014,-0.8300645884622603,-0.7721946230757173,0.040959637706019424,19
2.5486567497253416,0.30025877607789964,0.23753805160522462,0.008236231546091958,0.8978244469269318,0.13736089649503208,0.0619658450867362,5,5,680,0.0712818805840136,4.883983328839158,2.0,0.808996229937239,"{'model__colsample_bytree': np.float64(0.8978244469269318), 'model__gamma': np.float64(0.13736089649503208), 'model__learning_rate': np.float64(0.0619658450867362), 'model__max_depth': 5, 'model__min_child_weight': 5, 'model__n_estimators': 680, 'model__reg_alpha': np.float64(0.0712818805840136), 'model__reg_lambda': np.float64(4.883983328839158), 'model__scale_pos_weight': 2.0, 'model__subsample': np.float64(0.808996229937239)}",0.48105529946959275,0.5115727916306578,0.5083875372467229,0.5084349722971417,0.5114345809838949,0.5041770363256021,0.011643386131039431,16,0.6959177982403224,0.709911083857121,0.711079345531316,0.700574827657031,0.7069747695293547,0.704891564963029,0.005779042303308181,13,0.5033112582781457,0.4971209213051823,0.5249537892791127,0.5014367816091954,0.4801699716713881,0.5013985444286048,0.014334991156007514,7,0.4230055658627087,0.5009671179883946,0.5071428571428571,0.5504731861198738,0.5380952380952381,0.5039367930418145,0.044500329434381355,13,0.4596774193548387,0.49903660886319845,0.5158946412352406,0.524812030075188,0.5074850299401198,0.5013811458937171,0.022545966123113378,13,-0.19558964786660354,-0.19956466524736666,-0.20131402560521397,-0.2138118079804309,-0.2057014441680035,-0.20319631817352368,0.006221858910900002,7,-0.5779212305377183,-0.5861414412995383,-0.5911192580145807,-0.6167208632525636,-0.5944173183826043,-0.593264022297401,0.012979105611226865,7
2.1782416343688964,0.4901160885838032,0.19560036659240723,0.018615925842611687,0.814017080690331,0.020216794769215674,0.08373433233182034,4,2,629,0.00027012557725439106,0.54936415317897,4.0,0.8688425557955279,"{'model__colsample_bytree': np.float64(0.814017080690331), 'model__gamma': np.float64(0.020216794769215674), 'model__learning_rate': np.float64(0.08373433233182034), 'model__max_depth': 4, 'model__min_child_weight': 2, 'model__n_estimators': 629, 'model__reg_alpha': np.float64(0.00027012557725439106), 'model__reg_lambda': np.float64(0.54936415317897), 'model__scale_pos_weight': 4.0, 'model__subsample': np.float64(0.8688425557955279)}",0.49341753994242954,0.5011810336093786,0.5081020798286635,0.5100788562758781,0.5179933348720703,0.506154568905684,0.008322465619276964,14,0.7045184219811739,0.7046449388579201,0.7008312807881774,0.699058104201008,0.7067818442272591,0.7031669180111078,0.0028077162362368144,14,0.43646408839779005,0.44333748443337484,0.4422857142857143,0.45609065155807366,0.42337662337662335,0.4403109124103152,0.010617234557916707,13,0.5862708719851577,0.688588007736944,0.6910714285714286,0.7618296529968455,0.7761904761904762,0.7007900874961703,0.06748191013118607,8,0.5003958828186856,0.5393939393939394,0.5393728222996516,0.570584760779681,0.5478991596638656,0.5395293129911647,0.02265375617014289,6,-0.21507880584023245,-0.22980850364304595,-0.23445372337364898,-0.24570674221593578,-0.24630848294560476,-0.2342712516036936,0.011523582547210398,14,-0.6242675476626769,-0.6600012417460234,-0.6737851018129147,-0.7005168462240975,-0.6942883422415094,-0.6705718159374443,0.027295882341904432,15
2.456809139251709,0.3931682041698162,0.24398250579833985,0.019138446599847286,0.8908188929940959,0.34775804321306375,0.0264821690874576,7,7,420,0.0006490003020716537,8.426568996989243,4.0,0.822437863228442,"{'model__colsample_bytree': np.float64(0.8908188929940959), 'model__gamma': np.float64(0.34775804321306375), 'model__learning_rate': np.float64(0.0264821690874576), 'model__max_depth': 7, 'model__min_child_weight': 7, 'model__n_estimators': 420, 'model__reg_alpha': np.float64(0.0006490003020716537), 'model__reg_lambda': np.float64(8.426568996989243), 'model__scale_pos_weight': 4.0, 'model__subsample': np.float64(0.822437863228442)}",0.5156761271334507,0.5300337035031281,0.5220662279759604,0.5293606844753478,0.5254235968244143,0.5245120679824603,0.005270377777209277,6,0.7143027874842073,0.7246739034708609,0.7166314801782783,0.712222789823207,0.7176058778678865,0.717087367764888,0.0042296623063025705,7,0.4238993710691824,0.43314285714285716,0.4330011074197121,0.46,0.42169657422512236,0.4343479819713748,0.01364202341002602,14,0.6252319109461967,0.7330754352030948,0.6982142857142857,0.7981072555205048,0.8206349206349206,0.7350527616038004,0.07031611125799925,7,0.5052473763118441,0.5445402298850575,0.5345181134654818,0.5836216839677048,0.5571120689655172,0.5450078945191211,0.025801894502081764,5,-0.21679001825549193,-0.22668892446789302,-0.2292315757011383,-0.24316290414789332,-0.24539749760384966,-0.23225418403525327,0.010686398500110925,13,-0.621359343193042,-0.6460108384423158,-0.6552154859551977,-0.6878795116268409,-0.6902455143999333,-0.6601421387234659,0.02609078713641733,12
1.3740138053894042,0.30172249920857996,0.15059709548950195,0.020907810797430326,0.7903053218135011,0.46484882617128653,0.10190249933922803,3,5,383,0.0067009793859898305,0.9619833723356045,8.0,0.9731397496224945,"{'model__colsample_bytree': np.float64(0.7903053218135011), 'model__gamma': np.float64(0.46484882617128653), 'model__learning_rate': np.float64(0.10190249933922803), 'model__max_depth': 3, 'model__min_child_weight': 5, 'model__n_estimators': 383, 'model__reg_alpha': np.float64(0.0067009793859898305), 'model__reg_lambda': np.float64(0.9619833723356045), 'model__scale_pos_weight': 8.0, 'model__subsample': np.float64(0.9731397496224945)}",0.5236265700027538,0.5181068126636629,0.5146680024769259,0.5268054754343434,0.5230626578822446,0.5212539036919861,0.004312756953704994,8,0.722598939185267,0.7117327883984983,0.7126246188130424,0.7053804184682146,0.7151417481111804,0.7134957025952404,0.005573201452263931,10,0.37642276422764226,0.37457912457912457,0.383011583011583,0.40717736369910285,0.3780332056194125,0.38384480822737305,0.011998472940985359,20,0.8589981447124304,0.8607350096711799,0.8857142857142857,0.9305993690851735,0.9396825396825397,0.8951458697731217,0.034117988445885095,1,0.5234595816845675,0.5219941348973607,0.5347708894878707,0.5664906385021603,0.5391621129326047,0.5371754715009127,0.01604809265720426,8,-0.27781247231516154,-0.29811767479972906,-0.30271993361213945,-0.31620462833032736,-0.32117841708673667,-0.3032066252288188,0.015250774895806675,20,-0.7770609171127868,-0.8341311422656957,-0.8476485549437102,-0.8878490830766009,-0.8924446177653038,-0.8478268630328195,0.041923611003022256,20
1.8754750728607177,0.4580491865696723,0.16657509803771972,0.012463361415434231,0.8848355604789127,0.40372007758203127,0.12166475353872201,3,1,626,0.038972698898745745,0.500780062945691,1.0,0.9651826458140859,"{'model__colsample_bytree': np.float64(0.8848355604789127), 'model__gamma': np.float64(0.40372007758203127), 'model__learning_rate': np.float64(0.12166475353872201), 'model__max_depth': 3, 'model__min_child_weight': 1, 'model__n_estimators': 626, 'model__reg_alpha': np.float64(0.038972698898745745), 'model__reg_lambda': np.float64(0.500780062945691), 'model__scale_pos_weight': 1.0, 'model__subsample': np.float64(0.9651826458140859)}",0.5134086350237865,0.49692342760714087,0.5005697005475936,0.5083222930114828,0.5079119735426183,0.5054272059465245,0.005902006675388687,15,0.7153542119580681,0.7082002798607872,0.7057720501993902,0.7000732029723565,0.7122322728217926,0.7083264035624788,0.005278292409262936,11,0.6228070175438597,0.5669014084507042,0.570957095709571,0.553314121037464,0.5570652173913043,0.5742089720265806,0.025124682421666853,5,0.2634508348794063,0.3114119922630561,0.30892857142857144,0.3028391167192429,0.3253968253968254,0.3024054681374204,0.020832293994474897,16,0.37027379400260757,0.4019975031210986,0.40092699884125144,0.39143730886850153,0.41082164328657317,0.39509144962400644,0.013845251730733067,17,-0.18442593198495633,-0.19142002164321753,-0.19632632727346822,-0.20820611614416476,-0.19225209224560003,-0.19452609785828137,0.007838569868265248,5,-0.5575043712607888,-0.5735719160041517,-0.5838088265999664,-0.6062218677860478,-0.5665957456846044,-0.5775405454671118,0.01672660477946897,5
3.0325284004211426,0.45430185877531276,0.2691977500915527,0.033305890141203845,0.7517380326327977,0.25537365128878287,0.0463756698304252,7,1,556,0.0011957746304562954,1.0389260394630204,4.0,0.8308007330051888,"{'model__colsample_bytree': np.float64(0.7517380326327977), 'model__gamma': np.float64(0.25537365128878287), 'model__learning_rate': np.float64(0.0463756698304252), 'model__max_depth': 7, 'model__min_child_weight': 1, 'model__n_estimators': 556, 'model__reg_alpha': np.float64(0.0011957746304562954), 'model__reg_lambda': np.float64(1.0389260394630204), 'model__scale_pos_weight': 4.0, 'model__subsample': np.float64(0.8308007330051888)}",0.4789146576118525,0.5144249770736863,0.5024659109545853,0.5059776150513862,0.511290684995782,0.5026147691374585,0.01255212097777295,17,0.6972324345242839,0.7085998480010177,0.7025451559934318,0.6955783298136221,0.7020880987038193,0.7012087734072349,0.004576030616542881,15,0.4470404984423676,0.4533715925394548,0.45919778699861685,0.4713983050847458,0.4296577946768061,0.45213319554839815,0.013810617169887572,10,0.5324675324675324,0.6112185686653772,0.5928571428571429,0.7018927444794952,0.7174603174603175,0.631179261185973,0.06936257892698841,10,0.48602878916172737,0.5205930807248764,0.5175370226032736,0.5640050697084917,0.5374554102259215,0.5251238744848582,0.02557470713710285,10,-0.21090439066105757,-0.2169479069755328,-0.22229092791095134,-0.2369411934271039,-0.2380507323830947,-0.22502703027154808,0.01080529073477603,10,-0.6190379084126265,-0.629759927435144,-0.6460621848139025,-0.6783397109803165,-0.6747243885107143,-0.6495848240305407,0.023653290644576,10
1.1935468196868897,0.20775149296186454,0.15297431945800782,0.020228246951883615,0.8796976554358416,0.3515094794475889,0.041612918409360634,3,2,301,0.0009716374629919691,4.026083236728187,4.0,0.8252195774541924,"{'model__colsample_bytree': np.float64(0.8796976554358416), 'model__gamma': np.float64(0.3515094794475889), 'model__learning_rate': np.float64(0.041612918409360634), 'model__max_depth': 3, 'model__min_child_weight': 2, 'model__n_estimators': 301, 'model__reg_alpha': np.float64(0.0009716374629919691), 'model__reg_lambda': np.float64(4.026083236728187), 'model__scale_pos_weight': 4.0, 'model__subsample': np.float64(0.8252195774541924)}",0.5322958784559078,0.5263687819343037,0.5251456889763229,0.5294115209134678,0.5304508313438117,0.5287345403247627,0.002629211046193325,1,0.7267128686388108,0.7255496915986314,0.7232062221440301,0.7094414718537204,0.7237113282964811,0.7217243165063347,0.006269476531715625,1,0.42326139088729015,0.43392070484581496,0.43632773938795655,0.45454545454545453,0.4178988326848249,0.43319082447026824,0.012639872232394708,16,0.6549165120593692,0.7620889748549323,0.7892857142857143,0.8280757097791798,0.8523809523809524,0.7773495726720296,0.06865575078633755,3,0.5142024763292061,0.5529824561403509,0.5619834710743802,0.5869200670765791,0.5608355091383812,0.5553847959517795,0.02353499861311322,1,-0.22261909958634954,-0.23551745642054372,-0.2376618530032071,-0.25071253950879435,-0.2501410079092754,-0.23933039128563402,0.010421252252020993,17,-0.6356233709055912,-0.6666003374727105,-0.6732693576421889,-0.7042275710960384,-0.701097394850047,-0.6761636063933152,0.025110250509790065,17
1.2617981433868408,0.21623429206157094,0.15329475402832032,0.00874908279841819,0.821210123594367,0.018443473677266398,0.06830242638203236,4,4,303,0.00013558227959926903,1.4057822280864039,1.0,0.8098904726667431,"{'model__colsample_bytree': np.float64(0.821210123594367), 'model__gamma': np.float64(0.018443473677266398), 'model__learning_rate': np.float64(0.06830242638203236), 'model__max_depth': 4, 'model__min_child_weight': 4, 'model__n_estimators': 303, 'model__reg_alpha': np.float64(0.00013558227959926903), 'model__reg_lambda': np.float64(1.4057822280864039), 'model__scale_pos_weight': 1.0, 'model__subsample': np.float64(0.8098904726667431)}",0.5190499635836858,0.5194082979909951,0.5206109791967704,0.5252235639687985,0.5176235136363767,0.5203832636753253,0.0026009547780447184,9,0.7165365309537088,0.7202770230379574,0.7205533075299085,0.7107521473749624,0.7198892123564613,0.7176016442505997,0.003718951717723633,6,0.6586538461538461,0.5735849056603773,0.6014234875444839,0.5885885885885885,0.5880681818181818,0.6020638019530955,0.02963561842586037,3,0.2541743970315399,0.2940038684719536,0.30178571428571427,0.30914826498422715,0.32857142857142857,0.2975367346689727,0.024530826152469685,17,0.3668005354752343,0.3887468030690537,0.40190249702734837,0.40537745604963804,0.4215885947046843,0.3968831772651917,0.01832413662863672,16,-0.1830632202601562,-0.18692450439498232,-0.1908763270331648,-0.20312742562951622,-0.1891553537682342,-0.19062936621721077,0.006773592210683051,3,-0.5500902877854601,-0.5553071599544641,-0.5662126060009238,-0.5903000469905482,-0.5568263370252384,-0.5637472875513269,0.014260264945195457,3
1.876288938522339,0.26191808934524874,0.1739284038543701,0.017992696284808284,0.7862237180228058,0.2447263801387815,0.14572515546077808,6,7,452,0.0030103557686746276,1.0328264414120092,2.0,0.8419457831798133,"{'model__colsample_bytree': np.float64(0.7862237180228058), 'model__gamma': np.float64(0.2447263801387815), 'model__learning_rate': np.float64(0.14572515546077808), 'model__max_depth': 6, 'model__min_child_weight': 7, 'model__n_estimators': 452, 'model__reg_alpha': np.float64(0.0030103557686746276), 'model__reg_lambda': np.float64(1.0328264414120092), 'model__scale_pos_weight': 2.0, 'model__subsample': np.float64(0.8419457831798133)}",0.4587934670647233,0.5003834693691538,0.490089502529696,0.49838791172123537,0.4896405899266224,0.4874589881222862,0.014965792170908668,20,0.6803498867477833,0.6958674868957959,0.6926797443115178,0.687448323441277,0.6924556964949977,0.6897602275782744,0.005421939916539774,20,0.4700665188470067,0.478,0.4953271028037383,0.4845360824742268,0.4629898403483309,0.47818390889466056,0.011234097820893584,9,0.39332096474953615,0.4622823984526112,0.4732142857142857,0.5189274447949527,0.5063492063492063,0.47081886001211837,0.04395764882480019,14,0.42828282828282827,0.47000983284169123,0.4840182648401826,0.5011424219345011,0.4836997725549659,0.47343062409083386,0.02463949092670347,14,-0.20843989171589752,-0.20828483575422682,-0.21248001376295678,-0.2220086622040587,-0.21348847788970954,-0.21294037626536988,0.00499348730890521,9,-0.6234744708247225,-0.6162200120376975,-0.6270324995710554,-0.6439722584472967,-0.6180862764515476,-0.625757103466464,0.009883588599187311,9
1.2582812786102295,0.16776600705712422,0.11135945320129395,0.005898517975466427,0.9080764576483948,0.31676485538044735,0.05886615472459791,3,1,373,0.010784378128608852,4.020159993012043,4.0,0.8977232357970605,"{'model__colsample_bytree': np.float64(0.9080764576483948), 'model__gamma': np.float64(0.31676485538044735), 'model__learning_rate': np.float64(0.05886615472459791), 'model__max_depth': 3, 'model__min_child_weight': 1, 'model__n_estimators': 373, 'model__reg_alpha': np.float64(0.010784378128608852), 'model__reg_lambda': np.float64(4.020159993012043), 'model__scale_pos_weight': 4.0, 'model__subsample': np.float64(0.8977232357970605)}",0.52962243023203,0.5250226651173969,0.5247377237643883,0.5265112376862926,0.5301437202642653,0.5272075554128747,0.0022720632375980323,3,0.7255255699602762,0.7234034398739648,0.7213156814449919,0.7058590026489996,0.7211461149234075,0.719449961770328,0.0069801865197779735,4,0.4264705882352941,0.4332210998877666,0.4356929212362911,0.44768439108061747,0.4143081761006289,0.4314754353081196,0.010984790052916754,17,0.6456400742115028,0.746615087040619,0.7803571428571429,0.8233438485804416,0.8365079365079365,0.7664928178395287,0.0683035663355652,6,0.5136531365313654,0.5482954545454546,0.5591810620601407,0.58,0.5541535226077813,0.5510566351489484,0.02154047919907873,3,-0.22096569108227931,-0.23419057732489257,-0.23736909487856392,-0.2514099158595214,-0.24899112738013834,-0.2385852813050791,0.01099086326099738,16,-0.631940587163679,-0.6644569305950913,-0.673845122089967,-0.7069426907863225,-0.6992392098109793,-0.6752849080892078,0.026736013214790813,16
