model,feature_set,parameters,pr_auc,roc_auc,brier_score,log_loss
xgboost,extended_geographic,"{""model__colsample_bytree"": 0.8, ""model__learning_rate"": 0.03, ""model__max_depth"": 6, ""model__min_child_weight"": 5, ""model__n_estimators"": 600, ""model__reg_lambda"": 1.0, ""model__subsample"": 0.8}",0.42708390503747284,0.8956264294917347,0.09261499306818272,0.30047300751387745
xgboost,extended_geographic,"{""model__colsample_bytree"": 0.8, ""model__learning_rate"": 0.03, ""model__max_depth"": 6, ""model__min_child_weight"": 5, ""model__n_estimators"": 600, ""model__reg_lambda"": 5.0, ""model__subsample"": 0.8}",0.42624254033036724,0.895767198124537,0.09298216103824004,0.3016319765598327
xgboost,extended_geographic,"{""model__colsample_bytree"": 0.8, ""model__learning_rate"": 0.03, ""model__max_depth"": 6, ""model__min_child_weight"": 1, ""model__n_estimators"": 600, ""model__reg_lambda"": 5.0, ""model__subsample"": 0.8}",0.42605337191843357,0.8962143209329639,0.09239242284254515,0.3000360396356781
xgboost,extended_geographic,"{""model__colsample_bytree"": 0.8, ""model__learning_rate"": 0.08, ""model__max_depth"": 6, ""model__min_child_weight"": 5, ""model__n_estimators"": 300, ""model__reg_lambda"": 1.0, ""model__subsample"": 0.8}",0.4260274557668631,0.8950272169191473,0.09054571631016461,0.29455516734453185
xgboost,extended_geographic,"{""model__colsample_bytree"": 0.8, ""model__learning_rate"": 0.08, ""model__max_depth"": 6, ""model__min_child_weight"": 1, ""model__n_estimators"": 300, ""model__reg_lambda"": 1.0, ""model__subsample"": 0.8}",0.42508772569014647,0.8951936039579949,0.0895956481764678,0.2921869030969413
xgboost,extended_geographic,"{""model__colsample_bytree"": 0.8, ""model__learning_rate"": 0.08, ""model__max_depth"": 6, ""model__min_child_weight"": 1, ""model__n_estimators"": 300, ""model__reg_lambda"": 5.0, ""model__subsample"": 0.8}",0.4246089028384179,0.8953551879140434,0.09057431088707157,0.29482061813201654
xgboost,airport_aware,"{""model__colsample_bytree"": 0.8, ""model__learning_rate"": 0.08, ""model__max_depth"": 6, ""model__min_child_weight"": 1, ""model__n_estimators"": 600, ""model__reg_lambda"": 5.0, ""model__subsample"": 0.8}",0.42457172880324695,0.8952470389908015,0.09020932080301317,0.2922436141059723
xgboost,extended_geographic,"{""model__colsample_bytree"": 0.8, ""model__learning_rate"": 0.03, ""model__max_depth"": 6, ""model__min_child_weight"": 1, ""model__n_estimators"": 600, ""model__reg_lambda"": 1.0, ""model__subsample"": 0.8}",0.42440103871597246,0.8957404481946915,0.09189136854772918,0.2987098250249187
xgboost,extended_geographic,"{""model__colsample_bytree"": 0.8, ""model__learning_rate"": 0.08, ""model__max_depth"": 6, ""model__min_child_weight"": 5, ""model__n_estimators"": 300, ""model__reg_lambda"": 5.0, ""model__subsample"": 0.8}",0.42433172579541556,0.8943685639869166,0.09171352101804031,0.2978577784371131
xgboost,airport_aware,"{""model__colsample_bytree"": 0.8, ""model__learning_rate"": 0.08, ""model__max_depth"": 6, ""model__min_child_weight"": 5, ""model__n_estimators"": 600, ""model__reg_lambda"": 5.0, ""model__subsample"": 0.8}",0.4242581451080826,0.8947591518587918,0.09112725245062894,0.29504944385209575
xgboost,airport_aware,"{""model__colsample_bytree"": 0.8, ""model__learning_rate"": 0.08, ""model__max_depth"": 6, ""model__min_child_weight"": 1, ""model__n_estimators"": 300, ""model__reg_lambda"": 5.0, ""model__subsample"": 0.8}",0.4238623949233649,0.8963474930335852,0.09397502302823149,0.30355229908655484
xgboost,airport_aware,"{""model__colsample_bytree"": 0.8, ""model__learning_rate"": 0.08, ""model__max_depth"": 6, ""model__min_child_weight"": 1, ""model__n_estimators"": 300, ""model__reg_lambda"": 1.0, ""model__subsample"": 0.8}",0.4235076335419678,0.8956496198362912,0.0930898888704064,0.30108438354839306
xgboost,airport_aware,"{""model__colsample_bytree"": 0.8, ""model__learning_rate"": 0.08, ""model__max_depth"": 6, ""model__min_child_weight"": 5, ""model__n_estimators"": 300, ""model__reg_lambda"": 1.0, ""model__subsample"": 0.8}",0.4233993435879546,0.8951480424449665,0.09377839282879259,0.3032443353122641
xgboost,airport_aware,"{""model__colsample_bytree"": 0.8, ""model__learning_rate"": 0.08, ""model__max_depth"": 6, ""model__min_child_weight"": 5, ""model__n_estimators"": 600, ""model__reg_lambda"": 1.0, ""model__subsample"": 0.8}",0.42323902214585213,0.8940494978485961,0.09032601092507915,0.2926503279548173
xgboost,airport_aware,"{""model__colsample_bytree"": 0.8, ""model__learning_rate"": 0.08, ""model__max_depth"": 6, ""model__min_child_weight"": 5, ""model__n_estimators"": 300, ""model__reg_lambda"": 5.0, ""model__subsample"": 0.8}",0.4232270987983793,0.8954994689853099,0.09461860581886877,0.3053433634109859
xgboost,airport_aware,"{""model__colsample_bytree"": 0.8, ""model__learning_rate"": 0.08, ""model__max_depth"": 6, ""model__min_child_weight"": 1, ""model__n_estimators"": 600, ""model__reg_lambda"": 1.0, ""model__subsample"": 0.8}",0.4228432468264237,0.894347265408714,0.0887445413729615,0.28841234736087035
xgboost,extended_geographic,"{""model__colsample_bytree"": 0.8, ""model__learning_rate"": 0.03, ""model__max_depth"": 6, ""model__min_child_weight"": 1, ""model__n_estimators"": 300, ""model__reg_lambda"": 5.0, ""model__subsample"": 0.8}",0.4217119275554233,0.8950971828074765,0.09796115381330499,0.3152617885201966
xgboost,extended_geographic,"{""model__colsample_bytree"": 0.8, ""model__learning_rate"": 0.08, ""model__max_depth"": 6, ""model__min_child_weight"": 5, ""model__n_estimators"": 600, ""model__reg_lambda"": 5.0, ""model__subsample"": 0.8}",0.42153867331221617,0.8921566117575883,0.08623909971675568,0.28206588919786757
xgboost,airport_aware,"{""model__colsample_bytree"": 0.8, ""model__learning_rate"": 0.03, ""model__max_depth"": 6, ""model__min_child_weight"": 1, ""model__n_estimators"": 600, ""model__reg_lambda"": 1.0, ""model__subsample"": 0.8}",0.421296547273601,0.895418235005801,0.09544337042322013,0.30802289706001945
xgboost,extended_geographic,"{""model__colsample_bytree"": 0.8, ""model__learning_rate"": 0.03, ""model__max_depth"": 6, ""model__min_child_weight"": 5, ""model__n_estimators"": 300, ""model__reg_lambda"": 1.0, ""model__subsample"": 0.8}",0.4210470320189915,0.8946873649243463,0.09784617699607394,0.31493338770576984
xgboost,extended_geographic,"{""model__colsample_bytree"": 0.8, ""model__learning_rate"": 0.03, ""model__max_depth"": 6, ""model__min_child_weight"": 5, ""model__n_estimators"": 300, ""model__reg_lambda"": 5.0, ""model__subsample"": 0.8}",0.4203391724002629,0.8945082836028623,0.0984145146691412,0.31646291831689777
xgboost,airport_aware,"{""model__colsample_bytree"": 0.8, ""model__learning_rate"": 0.03, ""model__max_depth"": 6, ""model__min_child_weight"": 1, ""model__n_estimators"": 600, ""model__reg_lambda"": 5.0, ""model__subsample"": 0.8}",0.42023627276612735,0.8957094137971223,0.09604122636920973,0.30956570593257715
xgboost,airport_aware,"{""model__colsample_bytree"": 0.8, ""model__learning_rate"": 0.03, ""model__max_depth"": 6, ""model__min_child_weight"": 5, ""model__n_estimators"": 600, ""model__reg_lambda"": 1.0, ""model__subsample"": 0.8}",0.42020927421462106,0.8953741114709357,0.09616479794184131,0.30987158788539393
xgboost,airport_aware,"{""model__colsample_bytree"": 0.8, ""model__learning_rate"": 0.03, ""model__max_depth"": 6, ""model__min_child_weight"": 5, ""model__n_estimators"": 600, ""model__reg_lambda"": 5.0, ""model__subsample"": 0.8}",0.4199749333287176,0.8951448011007463,0.09658928046304359,0.31091468373588493
xgboost,extended_geographic,"{""model__colsample_bytree"": 0.8, ""model__learning_rate"": 0.08, ""model__max_depth"": 6, ""model__min_child_weight"": 1, ""model__n_estimators"": 600, ""model__reg_lambda"": 5.0, ""model__subsample"": 0.8}",0.41982017862152454,0.8930027440395099,0.08509444890766427,0.27893341010643574
xgboost,extended_geographic,"{""model__colsample_bytree"": 0.8, ""model__learning_rate"": 0.03, ""model__max_depth"": 6, ""model__min_child_weight"": 1, ""model__n_estimators"": 300, ""model__reg_lambda"": 1.0, ""model__subsample"": 0.8}",0.4195788780679711,0.8945954875490894,0.0976080095327943,0.3144085590040767
xgboost,extended_geographic,"{""model__colsample_bytree"": 0.8, ""model__learning_rate"": 0.08, ""model__max_depth"": 6, ""model__min_child_weight"": 5, ""model__n_estimators"": 600, ""model__reg_lambda"": 1.0, ""model__subsample"": 0.8}",0.4194154675237504,0.8914195300819374,0.08500244546551665,0.2784036697597966
xgboost,extended_geographic,"{""model__colsample_bytree"": 0.8, ""model__learning_rate"": 0.08, ""model__max_depth"": 3, ""model__min_child_weight"": 1, ""model__n_estimators"": 600, ""model__reg_lambda"": 5.0, ""model__subsample"": 0.8}",0.41924894178396754,0.8943032951010299,0.09680008200824666,0.311478306507415
xgboost,extended_geographic,"{""model__colsample_bytree"": 0.8, ""model__learning_rate"": 0.08, ""model__max_depth"": 3, ""model__min_child_weight"": 5, ""model__n_estimators"": 600, ""model__reg_lambda"": 1.0, ""model__subsample"": 0.8}",0.41914193733560506,0.8943024405648264,0.09621679131924561,0.31021988336176354
xgboost,extended_geographic,"{""model__colsample_bytree"": 0.8, ""model__learning_rate"": 0.08, ""model__max_depth"": 3, ""model__min_child_weight"": 5, ""model__n_estimators"": 600, ""model__reg_lambda"": 5.0, ""model__subsample"": 0.8}",0.4190642107500345,0.8942345786035638,0.09670482043810867,0.31146767118854735
xgboost,extended_geographic,"{""model__colsample_bytree"": 0.8, ""model__learning_rate"": 0.08, ""model__max_depth"": 3, ""model__min_child_weight"": 1, ""model__n_estimators"": 600, ""model__reg_lambda"": 1.0, ""model__subsample"": 0.8}",0.41703599314120915,0.894277770988635,0.09625939228753452,0.3102620834361886
xgboost,extended_geographic,"{""model__colsample_bytree"": 0.8, ""model__learning_rate"": 0.08, ""model__max_depth"": 6, ""model__min_child_weight"": 1, ""model__n_estimators"": 600, ""model__reg_lambda"": 1.0, ""model__subsample"": 0.8}",0.4169289250749766,0.8921922547573032,0.08367249591258363,0.27484130261379053
xgboost,airport_aware,"{""model__colsample_bytree"": 0.8, ""model__learning_rate"": 0.03, ""model__max_depth"": 6, ""model__min_child_weight"": 1, ""model__n_estimators"": 300, ""model__reg_lambda"": 1.0, ""model__subsample"": 0.8}",0.41478209334114047,0.8943203033181558,0.09921345569264135,0.31865603317822244
xgboost,airport_aware,"{""model__colsample_bytree"": 0.8, ""model__learning_rate"": 0.03, ""model__max_depth"": 6, ""model__min_child_weight"": 5, ""model__n_estimators"": 300, ""model__reg_lambda"": 1.0, ""model__subsample"": 0.8}",0.4146591636476474,0.8941596917653734,0.09964327764923306,0.31969827500503195
xgboost,airport_aware,"{""model__colsample_bytree"": 0.8, ""model__learning_rate"": 0.03, ""model__max_depth"": 6, ""model__min_child_weight"": 5, ""model__n_estimators"": 300, ""model__reg_lambda"": 5.0, ""model__subsample"": 0.8}",0.41447563636424495,0.8940465452786793,0.09990062295239228,0.32035328470399915
xgboost,airport_aware,"{""model__colsample_bytree"": 0.8, ""model__learning_rate"": 0.03, ""model__max_depth"": 6, ""model__min_child_weight"": 1, ""model__n_estimators"": 300, ""model__reg_lambda"": 5.0, ""model__subsample"": 0.8}",0.4139033364022956,0.8945050422586422,0.09944709991715965,0.3193285409737623
xgboost,airport_aware,"{""model__colsample_bytree"": 0.8, ""model__learning_rate"": 0.08, ""model__max_depth"": 3, ""model__min_child_weight"": 5, ""model__n_estimators"": 600, ""model__reg_lambda"": 5.0, ""model__subsample"": 0.8}",0.413617084979802,0.8935553991223902,0.09872029808724352,0.3170695664961809
xgboost,airport_aware,"{""model__colsample_bytree"": 0.8, ""model__learning_rate"": 0.08, ""model__max_depth"": 3, ""model__min_child_weight"": 5, ""model__n_estimators"": 600, ""model__reg_lambda"": 1.0, ""model__subsample"": 0.8}",0.4133536426821318,0.8932426211918567,0.09839528673413059,0.31637954457261014
xgboost,airport_aware,"{""model__colsample_bytree"": 0.8, ""model__learning_rate"": 0.08, ""model__max_depth"": 3, ""model__min_child_weight"": 1, ""model__n_estimators"": 600, ""model__reg_lambda"": 5.0, ""model__subsample"": 0.8}",0.4130631363341039,0.893646251054203,0.09855426069661369,0.31670409212321515
xgboost,extended_geographic,"{""model__colsample_bytree"": 0.8, ""model__learning_rate"": 0.08, ""model__max_depth"": 3, ""model__min_child_weight"": 1, ""model__n_estimators"": 300, ""model__reg_lambda"": 5.0, ""model__subsample"": 0.8}",0.41222681431831554,0.8921410591986851,0.09975652547480583,0.31992863422576856
xgboost,extended_geographic,"{""model__colsample_bytree"": 0.8, ""model__learning_rate"": 0.08, ""model__max_depth"": 3, ""model__min_child_weight"": 1, ""model__n_estimators"": 300, ""model__reg_lambda"": 1.0, ""model__subsample"": 0.8}",0.41177441187952674,0.8927160029430934,0.09947349915922817,0.3192745212442003
xgboost,extended_geographic,"{""model__colsample_bytree"": 0.8, ""model__learning_rate"": 0.08, ""model__max_depth"": 3, ""model__min_child_weight"": 5, ""model__n_estimators"": 300, ""model__reg_lambda"": 1.0, ""model__subsample"": 0.8}",0.4115512876654349,0.892223919743657,0.09946640591083562,0.3192833233204814
xgboost,airport_aware,"{""model__colsample_bytree"": 0.8, ""model__learning_rate"": 0.08, ""model__max_depth"": 3, ""model__min_child_weight"": 1, ""model__n_estimators"": 600, ""model__reg_lambda"": 1.0, ""model__subsample"": 0.8}",0.4108464825895972,0.8935415261691281,0.09832189645582595,0.31570462535437566
xgboost,extended_geographic,"{""model__colsample_bytree"": 0.8, ""model__learning_rate"": 0.08, ""model__max_depth"": 3, ""model__min_child_weight"": 5, ""model__n_estimators"": 300, ""model__reg_lambda"": 5.0, ""model__subsample"": 0.8}",0.41069070445388894,0.892327536678344,0.09946966504396351,0.31969272854469905
random_forest,airport_aware,"{""model__max_depth"": 12, ""model__max_features"": 0.5, ""model__min_samples_leaf"": 10}",0.4096626554278677,0.8927310722470404,0.08757811876214573,0.29071832719007595
xgboost,airport_aware,"{""model__colsample_bytree"": 0.8, ""model__learning_rate"": 0.08, ""model__max_depth"": 3, ""model__min_child_weight"": 5, ""model__n_estimators"": 300, ""model__reg_lambda"": 1.0, ""model__subsample"": 0.8}",0.4084687691036575,0.8916538203355194,0.10077378663009945,0.3236538949038115
xgboost,airport_aware,"{""model__colsample_bytree"": 0.8, ""model__learning_rate"": 0.08, ""model__max_depth"": 3, ""model__min_child_weight"": 5, ""model__n_estimators"": 300, ""model__reg_lambda"": 5.0, ""model__subsample"": 0.8}",0.4083158445254954,0.8919190978398457,0.10064587097466861,0.32351190491616877
xgboost,airport_aware,"{""model__colsample_bytree"": 0.8, ""model__learning_rate"": 0.08, ""model__max_depth"": 3, ""model__min_child_weight"": 1, ""model__n_estimators"": 300, ""model__reg_lambda"": 5.0, ""model__subsample"": 0.8}",0.40783534729936205,0.8920242941931708,0.10094740584924661,0.3241691754139696
random_forest,extended_geographic,"{""model__max_depth"": null, ""model__max_features"": ""sqrt"", ""model__min_samples_leaf"": 10}",0.40593185172467283,0.8927118893826104,0.08702020729645948,0.28575908119605414
random_forest,airport_aware,"{""model__max_depth"": 20, ""model__max_features"": 0.5, ""model__min_samples_leaf"": 10}",0.40581932481057786,0.8888416241968067,0.07204017279178357,0.2452175978260035
xgboost,airport_aware,"{""model__colsample_bytree"": 0.8, ""model__learning_rate"": 0.08, ""model__max_depth"": 3, ""model__min_child_weight"": 1, ""model__n_estimators"": 300, ""model__reg_lambda"": 1.0, ""model__subsample"": 0.8}",0.4056367808228748,0.8921709326056881,0.10074349761355358,0.3228107370749889
random_forest,extended_geographic,"{""model__max_depth"": 20, ""model__max_features"": ""sqrt"", ""model__min_samples_leaf"": 10}",0.4056256707143949,0.8928942945552584,0.09188316942108331,0.30035234461994265
random_forest,extended_geographic,"{""model__max_depth"": 12, ""model__max_features"": 0.5, ""model__min_samples_leaf"": 10}",0.4045932851905644,0.8929335325003809,0.08773136298606318,0.2907764007179899
random_forest,airport_aware,"{""model__max_depth"": 20, ""model__max_features"": ""sqrt"", ""model__min_samples_leaf"": 2}",0.404495452871014,0.8912866939024444,0.09322836133190272,0.30645129393946774
xgboost,extended_geographic,"{""model__colsample_bytree"": 0.8, ""model__learning_rate"": 0.03, ""model__max_depth"": 3, ""model__min_child_weight"": 5, ""model__n_estimators"": 600, ""model__reg_lambda"": 1.0, ""model__subsample"": 0.8}",0.4043692058292785,0.8908415748340809,0.10139987744018243,0.32515892036608096
xgboost,extended_geographic,"{""model__colsample_bytree"": 0.8, ""model__learning_rate"": 0.03, ""model__max_depth"": 3, ""model__min_child_weight"": 1, ""model__n_estimators"": 600, ""model__reg_lambda"": 5.0, ""model__subsample"": 0.8}",0.40422675875685554,0.8909470422816499,0.1011370100817638,0.3246775980892172
xgboost,extended_geographic,"{""model__colsample_bytree"": 0.8, ""model__learning_rate"": 0.03, ""model__max_depth"": 3, ""model__min_child_weight"": 1, ""model__n_estimators"": 600, ""model__reg_lambda"": 1.0, ""model__subsample"": 0.8}",0.40400724256871756,0.8907424427411239,0.10133786687240971,0.32500612839580567
xgboost,extended_geographic,"{""model__colsample_bytree"": 0.8, ""model__learning_rate"": 0.03, ""model__max_depth"": 3, ""model__min_child_weight"": 5, ""model__n_estimators"": 600, ""model__reg_lambda"": 5.0, ""model__subsample"": 0.8}",0.4039761106919488,0.8907383763274661,0.10128835732962084,0.3250997435490517
random_forest,airport_aware,"{""model__max_depth"": null, ""model__max_features"": ""sqrt"", ""model__min_samples_leaf"": 2}",0.40364731657993114,0.8901306242861972,0.0652442892551877,0.22772107226455937
random_forest,extended_geographic,"{""model__max_depth"": 20, ""model__max_features"": ""sqrt"", ""model__min_samples_leaf"": 2}",0.40292852856360695,0.8909534483564995,0.07279142503874142,0.2521696521342472
random_forest,airport_aware,"{""model__max_depth"": null, ""model__max_features"": 0.5, ""model__min_samples_leaf"": 10}",0.4020370591886392,0.8860553293450891,0.06816395639288632,0.2309565230079544
xgboost,airport_aware,"{""model__colsample_bytree"": 0.8, ""model__learning_rate"": 0.03, ""model__max_depth"": 3, ""model__min_child_weight"": 5, ""model__n_estimators"": 600, ""model__reg_lambda"": 1.0, ""model__subsample"": 0.8}",0.4018826776266148,0.8907185039407203,0.10248502598535662,0.3283848427791977
xgboost,airport_aware,"{""model__colsample_bytree"": 0.8, ""model__learning_rate"": 0.03, ""model__max_depth"": 3, ""model__min_child_weight"": 5, ""model__n_estimators"": 600, ""model__reg_lambda"": 5.0, ""model__subsample"": 0.8}",0.4017650255756965,0.890675724090368,0.102517148434573,0.3284819734871934
xgboost,airport_aware,"{""model__colsample_bytree"": 0.8, ""model__learning_rate"": 0.03, ""model__max_depth"": 3, ""model__min_child_weight"": 1, ""model__n_estimators"": 600, ""model__reg_lambda"": 1.0, ""model__subsample"": 0.8}",0.40142843064356915,0.8904918986196163,0.10243246258374428,0.3282414791231889
xgboost,airport_aware,"{""model__colsample_bytree"": 0.8, ""model__learning_rate"": 0.03, ""model__max_depth"": 3, ""model__min_child_weight"": 1, ""model__n_estimators"": 600, ""model__reg_lambda"": 5.0, ""model__subsample"": 0.8}",0.40107081214091195,0.8906104846712471,0.10258588463294244,0.3285206413195893
random_forest,extended_geographic,"{""model__max_depth"": 20, ""model__max_features"": 0.5, ""model__min_samples_leaf"": 10}",0.40046323312454335,0.888359559697687,0.071901963314711,0.24364055547800453
random_forest,airport_aware,"{""model__max_depth"": null, ""model__max_features"": ""sqrt"", ""model__min_samples_leaf"": 10}",0.39878978422840894,0.8913864801575986,0.10220935256143047,0.32509946548810936
random_forest,extended_geographic,"{""model__max_depth"": 12, ""model__max_features"": ""sqrt"", ""model__min_samples_leaf"": 2}",0.39831092918778105,0.8894111637363973,0.10496286514407407,0.33445952081999386
random_forest,extended_geographic,"{""model__max_depth"": null, ""model__max_features"": 0.5, ""model__min_samples_leaf"": 10}",0.39768873591316733,0.8860161621202041,0.06859864672436053,0.23338112443298759
random_forest,extended_geographic,"{""model__max_depth"": 12, ""model__max_features"": 0.5, ""model__min_samples_leaf"": 2}",0.3964673245939468,0.8914592866421351,0.08468691481193229,0.2830274016788104
random_forest,airport_aware,"{""model__max_depth"": 12, ""model__max_features"": 0.5, ""model__min_samples_leaf"": 2}",0.3940695816584301,0.8917321135318177,0.08497446339769668,0.2847512864140208
random_forest,extended_geographic,"{""model__max_depth"": null, ""model__max_features"": ""sqrt"", ""model__min_samples_leaf"": 2}",0.39402536755697426,0.8871503615029956,0.0555187875872176,0.19734025799429716
random_forest,extended_geographic,"{""model__max_depth"": 12, ""model__max_features"": ""sqrt"", ""model__min_samples_leaf"": 10}",0.3931550178520188,0.8895379651222876,0.10982183896803674,0.34633719415715514
random_forest,airport_aware,"{""model__max_depth"": 20, ""model__max_features"": ""sqrt"", ""model__min_samples_leaf"": 10}",0.3922448152150287,0.8897465073160558,0.11049989637998035,0.347468979880146
random_forest,airport_aware,"{""model__max_depth"": 20, ""model__max_features"": 0.5, ""model__min_samples_leaf"": 2}",0.38975247571467275,0.882685904881469,0.05951773608650275,0.21060525387201914
xgboost,airport_aware,"{""model__colsample_bytree"": 0.8, ""model__learning_rate"": 0.03, ""model__max_depth"": 3, ""model__min_child_weight"": 5, ""model__n_estimators"": 300, ""model__reg_lambda"": 1.0, ""model__subsample"": 0.8}",0.3888823291128213,0.8869591221940096,0.10783695968671951,0.34283210470201625
xgboost,airport_aware,"{""model__colsample_bytree"": 0.8, ""model__learning_rate"": 0.03, ""model__max_depth"": 3, ""model__min_child_weight"": 5, ""model__n_estimators"": 300, ""model__reg_lambda"": 5.0, ""model__subsample"": 0.8}",0.3888454079681462,0.8871299056742902,0.1079461679707517,0.34312206747333646
xgboost,airport_aware,"{""model__colsample_bytree"": 0.8, ""model__learning_rate"": 0.03, ""model__max_depth"": 3, ""model__min_child_weight"": 1, ""model__n_estimators"": 300, ""model__reg_lambda"": 1.0, ""model__subsample"": 0.8}",0.3887797522330047,0.887018421113178,0.10765852910403224,0.3424393551038417
xgboost,airport_aware,"{""model__colsample_bytree"": 0.8, ""model__learning_rate"": 0.03, ""model__max_depth"": 3, ""model__min_child_weight"": 1, ""model__n_estimators"": 300, ""model__reg_lambda"": 5.0, ""model__subsample"": 0.8}",0.388282796285571,0.8871371662853431,0.10768638995992637,0.34253180634004277
xgboost,extended_geographic,"{""model__colsample_bytree"": 0.8, ""model__learning_rate"": 0.03, ""model__max_depth"": 3, ""model__min_child_weight"": 5, ""model__n_estimators"": 300, ""model__reg_lambda"": 5.0, ""model__subsample"": 0.8}",0.38682572810426474,0.8869297261486098,0.10713093344237391,0.34127875410032527
xgboost,extended_geographic,"{""model__colsample_bytree"": 0.8, ""model__learning_rate"": 0.03, ""model__max_depth"": 3, ""model__min_child_weight"": 5, ""model__n_estimators"": 300, ""model__reg_lambda"": 1.0, ""model__subsample"": 0.8}",0.38627463925461597,0.8868792672591325,0.10721942075870533,0.3413985909421083
xgboost,extended_geographic,"{""model__colsample_bytree"": 0.8, ""model__learning_rate"": 0.03, ""model__max_depth"": 3, ""model__min_child_weight"": 1, ""model__n_estimators"": 300, ""model__reg_lambda"": 1.0, ""model__subsample"": 0.8}",0.38608126854386204,0.8868619761610567,0.10718470801029209,0.3414157077335516
xgboost,extended_geographic,"{""model__colsample_bytree"": 0.8, ""model__learning_rate"": 0.03, ""model__max_depth"": 3, ""model__min_child_weight"": 1, ""model__n_estimators"": 300, ""model__reg_lambda"": 5.0, ""model__subsample"": 0.8}",0.3856648866865197,0.8867431838420664,0.10731067233849119,0.34176130501861524
random_forest,extended_geographic,"{""model__max_depth"": 20, ""model__max_features"": 0.5, ""model__min_samples_leaf"": 2}",0.3790814611267152,0.8812855616714418,0.057348984702333176,0.20200044543631487
random_forest,airport_aware,"{""model__max_depth"": 12, ""model__max_features"": ""sqrt"", ""model__min_samples_leaf"": 2}",0.3786431170720843,0.8847594458192459,0.12439022597396847,0.3817832641456555
random_forest,airport_aware,"{""model__max_depth"": 12, ""model__max_features"": ""sqrt"", ""model__min_samples_leaf"": 10}",0.37176945302844694,0.884160946342387,0.1282819063008439,0.3914139267745447
logistic,extended_geographic,"{""model__C"": 5.0}",0.36732349345587056,0.8843429271936099,0.10347276225989667,0.3324144824322556
logistic,extended_geographic,"{""model__C"": 1.0}",0.3673093575320733,0.8843073195540136,0.10351063476447246,0.33252744189582883
logistic,airport_aware,"{""model__C"": 0.1}",0.3668278951287794,0.8853950675274546,0.10433757461622338,0.33452393772030853
logistic,extended_geographic,"{""model__C"": 0.1}",0.36673684400111617,0.8840688980598893,0.10375252423561059,0.3333893483322486
logistic,airport_aware,"{""model__C"": 1.0}",0.36448081914610975,0.8856091023263375,0.10403341050931379,0.33343824828374474
logistic,airport_aware,"{""model__C"": 5.0}",0.3633648237928271,0.8855934849405497,0.10400184205979977,0.3333401687872522
random_forest,airport_aware,"{""model__max_depth"": null, ""model__max_features"": 0.5, ""model__min_samples_leaf"": 2}",0.3557264190182488,0.8686284189463098,0.046123834041781206,0.18370476151101936
random_forest,extended_geographic,"{""model__max_depth"": null, ""model__max_features"": 0.5, ""model__min_samples_leaf"": 2}",0.34682082356375243,0.8692698986475274,0.046447334591222286,0.17536809622883537
