model,feature_set,parameters,mean_pr_auc,std_pr_auc,mean_roc_auc,mean_brier_score,mean_log_loss,mean_accuracy,mean_precision,mean_recall,mean_f1,mean_macro_f1,mean_weighted_f1
random_forest,airport_aware,"{""model__class_weight"": null, ""model__max_depth"": null, ""model__max_features"": ""sqrt"", ""model__min_samples_leaf"": 2, ""model__min_samples_split"": 10, ""model__n_estimators"": 400}",0.44417034964712343,0.028427659682316263,0.8822533495605704,0.044162127454771494,0.1625221443454226,0.9462428775660279,0.6846318299782364,0.2116315308187679,0.3228553567741018,0.6473921848492815,0.932734426362115
random_forest,airport_aware,"{""model__class_weight"": null, ""model__max_depth"": null, ""model__max_features"": ""sqrt"", ""model__min_samples_leaf"": 2, ""model__min_samples_split"": 10, ""model__n_estimators"": 250}",0.4439757846166385,0.02796784657679825,0.8822147698618217,0.044176565730366255,0.16253987218348376,0.9463172010648208,0.6858657327766531,0.213781813181523,0.32550423165337855,0.6487346123662074,0.9329062774570165
random_forest,airport_aware,"{""model__class_weight"": null, ""model__max_depth"": null, ""model__max_features"": ""sqrt"", ""model__min_samples_leaf"": 2, ""model__min_samples_split"": 2, ""model__n_estimators"": 400}",0.4431816051651934,0.028204091828777495,0.8814849047036286,0.0441865147499144,0.16250890060636283,0.9460745511885144,0.6765687616583864,0.2155595434783278,0.3264627809084607,0.6491465757799963,0.9328211331452907
random_forest,airport_aware,"{""model__class_weight"": null, ""model__max_depth"": null, ""model__max_features"": ""sqrt"", ""model__min_samples_leaf"": 2, ""model__min_samples_split"": 2, ""model__n_estimators"": 250}",0.44260153566163873,0.02848599316016666,0.8813265021316793,0.044202470700566585,0.162523968280759,0.9459997181647621,0.6734904857487496,0.21609492470018096,0.3267404116314538,0.6492647561156115,0.9327925916774584
random_forest,airport_aware,"{""model__class_weight"": null, ""model__max_depth"": 12, ""model__max_features"": 0.5, ""model__min_samples_leaf"": 10, ""model__min_samples_split"": 2, ""model__n_estimators"": 400}",0.4420577303124265,0.027681184040807123,0.8811780050274802,0.04380907340805996,0.16029368137010114,0.9456962337595103,0.6264452273740921,0.2624067424468615,0.36965588416791795,0.6706010826223949,0.9350643671585068
random_forest,airport_aware,"{""model__class_weight"": null, ""model__max_depth"": 12, ""model__max_features"": 0.5, ""model__min_samples_leaf"": 10, ""model__min_samples_split"": 10, ""model__n_estimators"": 400}",0.4420577303124265,0.027681184040807123,0.8811780050274802,0.04380907340805996,0.16029368137010114,0.9456962337595103,0.6264452273740921,0.2624067424468615,0.36965588416791795,0.6706010826223949,0.9350643671585068
random_forest,airport_aware,"{""model__class_weight"": null, ""model__max_depth"": 12, ""model__max_features"": 0.5, ""model__min_samples_leaf"": 10, ""model__min_samples_split"": 10, ""model__n_estimators"": 250}",0.4419247052561497,0.027431239072176244,0.8812350403090333,0.0438106895492174,0.160277584953107,0.9457454190416197,0.6270217860497023,0.2637717247213428,0.37112601162124154,0.6713482777696143,0.9351729910139929
random_forest,airport_aware,"{""model__class_weight"": null, ""model__max_depth"": 12, ""model__max_features"": 0.5, ""model__min_samples_leaf"": 10, ""model__min_samples_split"": 2, ""model__n_estimators"": 250}",0.4419247052561497,0.027431239072176244,0.8812350403090333,0.04381068954921741,0.160277584953107,0.9457454190416197,0.6270217860497023,0.2637717247213428,0.37112601162124154,0.6713482777696143,0.9351729910139929
random_forest,airport_aware,"{""model__class_weight"": ""balanced_subsample"", ""model__max_depth"": 12, ""model__max_features"": 0.5, ""model__min_samples_leaf"": 10, ""model__min_samples_split"": 2, ""model__n_estimators"": 400}",0.44111665648675985,0.027725324081771512,0.8813783381605459,0.1038781044452148,0.3298123383219536,0.8608315306514666,0.25679713428754747,0.6924227270684405,0.37395088562738665,0.6476349996740318,0.8883609292222614
random_forest,airport_aware,"{""model__class_weight"": ""balanced_subsample"", ""model__max_depth"": 12, ""model__max_features"": 0.5, ""model__min_samples_leaf"": 10, ""model__min_samples_split"": 10, ""model__n_estimators"": 400}",0.44111665648675985,0.027725324081771512,0.8813783381605459,0.10387810444521481,0.3298123383219536,0.8608315306514666,0.25679713428754747,0.6924227270684405,0.37395088562738665,0.6476349996740318,0.8883609292222614
random_forest,airport_aware,"{""model__class_weight"": ""balanced_subsample"", ""model__max_depth"": 12, ""model__max_features"": 0.5, ""model__min_samples_leaf"": 10, ""model__min_samples_split"": 2, ""model__n_estimators"": 250}",0.44107995734284683,0.027811661459850014,0.8812222010164852,0.10394407487704434,0.32996094267972,0.8608308018827427,0.25678330537485883,0.6921962991154695,0.3739203828141142,0.6476180535247547,0.8883607336306459
random_forest,airport_aware,"{""model__class_weight"": ""balanced_subsample"", ""model__max_depth"": 12, ""model__max_features"": 0.5, ""model__min_samples_leaf"": 10, ""model__min_samples_split"": 10, ""model__n_estimators"": 250}",0.44107995734284683,0.027811661459850014,0.8812222010164852,0.10394407487704434,0.32996094267972,0.8608308018827427,0.25678330537485883,0.6921962991154695,0.3739203828141142,0.6476180535247547,0.8883607336306459
random_forest,airport_aware,"{""model__class_weight"": null, ""model__max_depth"": null, ""model__max_features"": 0.5, ""model__min_samples_leaf"": 10, ""model__min_samples_split"": 2, ""model__n_estimators"": 250}",0.44082776163110104,0.027054408001136756,0.8793168502587555,0.04417973820161815,0.16136129445788908,0.9455302568992792,0.6161511128597882,0.27326801360036546,0.37839973095856305,0.6749180739267352,0.9354956405466568
random_forest,airport_aware,"{""model__class_weight"": null, ""model__max_depth"": null, ""model__max_features"": 0.5, ""model__min_samples_leaf"": 10, ""model__min_samples_split"": 10, ""model__n_estimators"": 250}",0.44082776163110104,0.027054408001136756,0.8793168502587555,0.044179738201618156,0.16136129445788908,0.9455302568992792,0.6161511128597882,0.27326801360036546,0.37839973095856305,0.6749180739267352,0.9354956405466568
random_forest,airport_aware,"{""model__class_weight"": null, ""model__max_depth"": null, ""model__max_features"": 0.5, ""model__min_samples_leaf"": 10, ""model__min_samples_split"": 2, ""model__n_estimators"": 400}",0.440827481935925,0.02726668631560354,0.8794088063803942,0.04417521795691964,0.16132010390879312,0.9455768593913362,0.6175845457236339,0.27348998636463523,0.3788782659065931,0.6751697017482158,0.9355291535153556
random_forest,airport_aware,"{""model__class_weight"": null, ""model__max_depth"": null, ""model__max_features"": 0.5, ""model__min_samples_leaf"": 10, ""model__min_samples_split"": 10, ""model__n_estimators"": 400}",0.440827481935925,0.02726668631560354,0.8794088063803942,0.04417521795691964,0.16132010390879312,0.9455768593913362,0.6175845457236339,0.27348998636463523,0.3788782659065931,0.6751697017482158,0.9355291535153556
random_forest,extended_geographic,"{""model__class_weight"": null, ""model__max_depth"": null, ""model__max_features"": ""sqrt"", ""model__min_samples_leaf"": 2, ""model__min_samples_split"": 10, ""model__n_estimators"": 400}",0.4405497796135499,0.027875983900407783,0.8805200077511088,0.04419813139944465,0.1618381964564747,0.9463986499428334,0.6623236131968777,0.2396784150683784,0.3517247583251808,0.6618450820060949,0.9344073194162789
random_forest,airport_aware,"{""model__class_weight"": null, ""model__max_depth"": 12, ""model__max_features"": 0.5, ""model__min_samples_leaf"": 2, ""model__min_samples_split"": 2, ""model__n_estimators"": 250}",0.44037850776855814,0.025876468127958983,0.8797030745905804,0.04381807293967209,0.16056537057041978,0.9456870059950863,0.6272064511344555,0.26321880177304996,0.37058492907672524,0.6710630593625924,0.9350510984737233
random_forest,airport_aware,"{""model__class_weight"": null, ""model__max_depth"": 12, ""model__max_features"": 0.5, ""model__min_samples_leaf"": 2, ""model__min_samples_split"": 10, ""model__n_estimators"": 400}",0.440328440684221,0.027038610572525844,0.8799949124882394,0.04380858265521871,0.16054961921668437,0.9458297687287093,0.6281388230673133,0.26541846707923,0.3729298432647529,0.6722722531487483,0.9353000678832704
random_forest,airport_aware,"{""model__class_weight"": null, ""model__max_depth"": 12, ""model__max_features"": 0.5, ""model__min_samples_leaf"": 2, ""model__min_samples_split"": 10, ""model__n_estimators"": 250}",0.44022319218689904,0.026749201885084593,0.8798472519495011,0.04381295973248797,0.1605724289624883,0.9458791265193,0.6288475832888519,0.2659459138615262,0.3735475135548671,0.6725942764963646,0.9353678084824584
random_forest,extended_geographic,"{""model__class_weight"": null, ""model__max_depth"": null, ""model__max_features"": ""sqrt"", ""model__min_samples_leaf"": 2, ""model__min_samples_split"": 10, ""model__n_estimators"": 250}",0.44009900021891946,0.02778545120456217,0.880337203095387,0.04420541112331656,0.1618746283723731,0.9463888956494726,0.663006734660505,0.23960282895203006,0.3517252159041705,0.6618424131616466,0.9343925590751235
random_forest,airport_aware,"{""model__class_weight"": null, ""model__max_depth"": 12, ""model__max_features"": 0.5, ""model__min_samples_leaf"": 2, ""model__min_samples_split"": 2, ""model__n_estimators"": 400}",0.4400356493223464,0.02596105925557608,0.8797415234452203,0.04383288737837402,0.1606148609573677,0.9457760764766745,0.628454907977617,0.26451107127782925,0.3720743620411703,0.6718307480959151,0.9351895826813372
random_forest,extended_geographic,"{""model__class_weight"": null, ""model__max_depth"": 12, ""model__max_features"": 0.5, ""model__min_samples_leaf"": 10, ""model__min_samples_split"": 2, ""model__n_estimators"": 400}",0.4386178749151319,0.027125251424572637,0.8813079055243733,0.04389541053611894,0.16036332001309997,0.9455876800908006,0.6275399365599229,0.25670723394826694,0.36414066738178474,0.6678207401501254,0.9346537600868056
random_forest,extended_geographic,"{""model__class_weight"": null, ""model__max_depth"": 12, ""model__max_features"": 0.5, ""model__min_samples_leaf"": 10, ""model__min_samples_split"": 10, ""model__n_estimators"": 400}",0.4386178749151319,0.027125251424572637,0.8813079055243733,0.04389541053611894,0.1603633200130999,0.9455876800908006,0.6275399365599229,0.25670723394826694,0.36414066738178474,0.6678207401501254,0.9346537600868056
random_forest,extended_geographic,"{""model__class_weight"": null, ""model__max_depth"": 12, ""model__max_features"": 0.5, ""model__min_samples_leaf"": 10, ""model__min_samples_split"": 2, ""model__n_estimators"": 250}",0.4384334104508629,0.026616009965958365,0.8812237280362263,0.04390362414036852,0.1603909841649877,0.9456911022365556,0.629483081568867,0.25767836744235934,0.3654612228092158,0.6685076786166816,0.9347901623574147
random_forest,extended_geographic,"{""model__class_weight"": null, ""model__max_depth"": 12, ""model__max_features"": 0.5, ""model__min_samples_leaf"": 10, ""model__min_samples_split"": 10, ""model__n_estimators"": 250}",0.4384334104508629,0.026616009965958365,0.8812237280362263,0.04390362414036852,0.1603909841649877,0.9456911022365556,0.629483081568867,0.25767836744235934,0.3654612228092158,0.6685076786166816,0.9347901623574147
random_forest,extended_geographic,"{""model__class_weight"": null, ""model__max_depth"": 12, ""model__max_features"": 0.5, ""model__min_samples_leaf"": 2, ""model__min_samples_split"": 10, ""model__n_estimators"": 250}",0.43802430395309677,0.026119579246757132,0.8806497340122614,0.0439018149769969,0.1604707052367677,0.9459324252738082,0.6333340267297309,0.26105291349309917,0.3694789071291682,0.670579129235999,0.935141636937708
random_forest,extended_geographic,"{""model__class_weight"": null, ""model__max_depth"": 12, ""model__max_features"": 0.5, ""model__min_samples_leaf"": 2, ""model__min_samples_split"": 2, ""model__n_estimators"": 250}",0.43782933403887825,0.026293237702925062,0.8807982619570549,0.04389808690687887,0.16044574124194178,0.9458339660436599,0.6332149171273876,0.2592106155139176,0.3676485702339506,0.6696382743000221,0.9349600118085671
random_forest,extended_geographic,"{""model__class_weight"": null, ""model__max_depth"": 12, ""model__max_features"": 0.5, ""model__min_samples_leaf"": 2, ""model__min_samples_split"": 10, ""model__n_estimators"": 400}",0.4377773610035291,0.025949826301064707,0.8806485248887267,0.04391460047457999,0.16051169560277273,0.945971678589437,0.6338640613341119,0.2618196060629453,0.370350669859988,0.6710246279515075,0.9352135011092695
random_forest,extended_geographic,"{""model__class_weight"": null, ""model__max_depth"": 12, ""model__max_features"": 0.5, ""model__min_samples_leaf"": 2, ""model__min_samples_split"": 2, ""model__n_estimators"": 400}",0.43741565753887734,0.025963399680209574,0.8807431536987218,0.04391455646217561,0.16048666261412553,0.9458660842487403,0.6334469067912927,0.2592178344905606,0.36768391449052795,0.6696651499481432,0.9349900124800804
random_forest,extended_geographic,"{""model__class_weight"": null, ""model__max_depth"": null, ""model__max_features"": ""sqrt"", ""model__min_samples_leaf"": 2, ""model__min_samples_split"": 2, ""model__n_estimators"": 400}",0.43669239810080657,0.0267499692535327,0.8792104024555394,0.0443759864672662,0.16223963517442536,0.9463177780325788,0.6554345765740878,0.2446789227815728,0.35608539820748525,0.6639982684703661,0.9346372807320295
random_forest,extended_geographic,"{""model__class_weight"": null, ""model__max_depth"": null, ""model__max_features"": ""sqrt"", ""model__min_samples_leaf"": 2, ""model__min_samples_split"": 2, ""model__n_estimators"": 250}",0.43608137112027545,0.02671310157674503,0.8788202393163216,0.04439563179857466,0.16237165703432793,0.9462120963734749,0.6536348438808611,0.24274081265748187,0.3537762541778465,0.66281808784791,0.9344364172669135
random_forest,extended_geographic,"{""model__class_weight"": null, ""model__max_depth"": null, ""model__max_features"": 0.5, ""model__min_samples_leaf"": 10, ""model__min_samples_split"": 2, ""model__n_estimators"": 400}",0.43555129301778434,0.027430558853670496,0.8787821534958411,0.04432098766247567,0.1618766280654045,0.9454519234739556,0.6199250083735528,0.2643995761057457,0.37045815257521075,0.6709352832829594,0.9349519440774312
random_forest,extended_geographic,"{""model__class_weight"": null, ""model__max_depth"": null, ""model__max_features"": 0.5, ""model__min_samples_leaf"": 10, ""model__min_samples_split"": 10, ""model__n_estimators"": 400}",0.43555129301778434,0.027430558853670496,0.8787821534958411,0.04432098766247567,0.1618766280654045,0.9454519234739556,0.6199250083735528,0.2643995761057457,0.37045815257521075,0.6709352832829594,0.9349519440774312
random_forest,extended_geographic,"{""model__class_weight"": ""balanced_subsample"", ""model__max_depth"": 12, ""model__max_features"": 0.5, ""model__min_samples_leaf"": 10, ""model__min_samples_split"": 2, ""model__n_estimators"": 400}",0.4355085566847297,0.02783490189404029,0.8807420510217548,0.10384755254596216,0.3294291659088303,0.8611457611751087,0.256877873234436,0.6896971984802078,0.37363355215419974,0.6475776971990804,0.8885362604096138
random_forest,extended_geographic,"{""model__class_weight"": ""balanced_subsample"", ""model__max_depth"": 12, ""model__max_features"": 0.5, ""model__min_samples_leaf"": 10, ""model__min_samples_split"": 10, ""model__n_estimators"": 400}",0.4355085566847297,0.02783490189404029,0.8807420510217548,0.10384755254596216,0.3294291659088303,0.8611457611751087,0.256877873234436,0.6896971984802078,0.37363355215419974,0.6475776971990804,0.8885362604096138
random_forest,extended_geographic,"{""model__class_weight"": ""balanced_subsample"", ""model__max_depth"": null, ""model__max_features"": ""sqrt"", ""model__min_samples_leaf"": 10, ""model__min_samples_split"": 2, ""model__n_estimators"": 400}",0.43539261726046374,0.027996052144914744,0.8825726088500488,0.10303356142197936,0.3269819148236368,0.8678584399882057,0.2643194272530319,0.6727501406588263,0.378578909145063,0.6521757861583335,0.8928356625849128
random_forest,extended_geographic,"{""model__class_weight"": ""balanced_subsample"", ""model__max_depth"": null, ""model__max_features"": ""sqrt"", ""model__min_samples_leaf"": 10, ""model__min_samples_split"": 10, ""model__n_estimators"": 400}",0.43539261726046374,0.027996052144914744,0.8825726088500488,0.10303356142197936,0.3269819148236368,0.8678584399882057,0.2643194272530319,0.6727501406588263,0.378578909145063,0.6521757861583335,0.8928356625849128
random_forest,extended_geographic,"{""model__class_weight"": ""balanced_subsample"", ""model__max_depth"": 12, ""model__max_features"": 0.5, ""model__min_samples_leaf"": 10, ""model__min_samples_split"": 2, ""model__n_estimators"": 250}",0.4352899291658511,0.02778371927911716,0.8805844118902609,0.10396129227082748,0.3296704348807999,0.860516436134026,0.25579995720041127,0.6893808984812502,0.3724537724987491,0.6467979619178406,0.888107928050139
random_forest,extended_geographic,"{""model__class_weight"": ""balanced_subsample"", ""model__max_depth"": 12, ""model__max_features"": 0.5, ""model__min_samples_leaf"": 10, ""model__min_samples_split"": 10, ""model__n_estimators"": 250}",0.4352899291658511,0.02778371927911716,0.8805844118902609,0.10396129227082748,0.3296704348807999,0.860516436134026,0.25579995720041127,0.6893808984812502,0.3724537724987491,0.6467979619178406,0.888107928050139
random_forest,extended_geographic,"{""model__class_weight"": ""balanced_subsample"", ""model__max_depth"": null, ""model__max_features"": ""sqrt"", ""model__min_samples_leaf"": 10, ""model__min_samples_split"": 2, ""model__n_estimators"": 250}",0.43521668000817587,0.02778464884896767,0.8825376287122646,0.10294981746242804,0.3267641772502438,0.8677924089225607,0.26456762345562024,0.6747953154879508,0.37918273013534354,0.6524513330027637,0.8928172117342678
random_forest,extended_geographic,"{""model__class_weight"": ""balanced_subsample"", ""model__max_depth"": null, ""model__max_features"": ""sqrt"", ""model__min_samples_leaf"": 10, ""model__min_samples_split"": 10, ""model__n_estimators"": 250}",0.43521668000817587,0.02778464884896767,0.8825376287122646,0.10294981746242804,0.3267641772502438,0.8677924089225607,0.26456762345562024,0.6747953154879508,0.37918273013534354,0.6524513330027637,0.8928172117342678
random_forest,extended_geographic,"{""model__class_weight"": null, ""model__max_depth"": null, ""model__max_features"": 0.5, ""model__min_samples_leaf"": 10, ""model__min_samples_split"": 2, ""model__n_estimators"": 250}",0.4352046237449366,0.027142212661359202,0.8785282458074691,0.04433451425426479,0.16198703735595396,0.9455806656227596,0.6223381443616575,0.2646682286109926,0.3711926139149904,0.671336540976448,0.9350824403312135
random_forest,extended_geographic,"{""model__class_weight"": null, ""model__max_depth"": null, ""model__max_features"": 0.5, ""model__min_samples_leaf"": 10, ""model__min_samples_split"": 10, ""model__n_estimators"": 250}",0.4352046237449366,0.027142212661359192,0.8785282458074691,0.04433451425426479,0.16198703735595396,0.9455806656227596,0.6223381443616575,0.2646682286109926,0.3711926139149904,0.671336540976448,0.9350824403312135
random_forest,extended_geographic,"{""model__class_weight"": null, ""model__max_depth"": null, ""model__max_features"": ""sqrt"", ""model__min_samples_leaf"": 10, ""model__min_samples_split"": 2, ""model__n_estimators"": 400}",0.4350445949813855,0.030841258788339206,0.8831935760643551,0.04432320736912686,0.16259677792801475,0.9455519344789367,0.6719388902617053,0.20017657990104856,0.3082188682849628,0.6399004981236279,0.9314906029325322
random_forest,extended_geographic,"{""model__class_weight"": null, ""model__max_depth"": null, ""model__max_features"": ""sqrt"", ""model__min_samples_leaf"": 10, ""model__min_samples_split"": 10, ""model__n_estimators"": 400}",0.4350445949813855,0.030841258788339206,0.8831935760643551,0.04432320736912686,0.16259677792801472,0.9455519344789367,0.6719388902617053,0.20017657990104856,0.3082188682849628,0.6399004981236279,0.9314906029325322
random_forest,extended_geographic,"{""model__class_weight"": null, ""model__max_depth"": null, ""model__max_features"": ""sqrt"", ""model__min_samples_leaf"": 10, ""model__min_samples_split"": 2, ""model__n_estimators"": 250}",0.4348943240928973,0.030746826863243402,0.8831532308648198,0.044326937430881404,0.16258473918354058,0.9455814673589215,0.6723721205617486,0.20142224837089545,0.309749656747829,0.6406730840621326,0.9315638886416131
random_forest,extended_geographic,"{""model__class_weight"": null, ""model__max_depth"": null, ""model__max_features"": ""sqrt"", ""model__min_samples_leaf"": 10, ""model__min_samples_split"": 10, ""model__n_estimators"": 250}",0.4348943240928973,0.030746826863243402,0.8831532308648198,0.044326937430881404,0.16258473918354058,0.9455814673589215,0.6723721205617486,0.20142224837089545,0.309749656747829,0.6406730840621326,0.9315638886416131
random_forest,airport_aware,"{""model__class_weight"": ""balanced_subsample"", ""model__max_depth"": null, ""model__max_features"": ""sqrt"", ""model__min_samples_leaf"": 2, ""model__min_samples_split"": 10, ""model__n_estimators"": 400}",0.43470638866202893,0.02395410069179973,0.8801090274524768,0.08200803291933798,0.2725096777470331,0.9016757042136992,0.323929125091318,0.5820334434194514,0.4151192977103578,0.6806309894315851,0.9140611230705045
random_forest,airport_aware,"{""model__class_weight"": ""balanced_subsample"", ""model__max_depth"": null, ""model__max_features"": 0.5, ""model__min_samples_leaf"": 10, ""model__min_samples_split"": 2, ""model__n_estimators"": 400}",0.4346309226384159,0.027627243464662214,0.8773769214544306,0.08456165577013193,0.2743558434506028,0.8902209093527228,0.29976191801668156,0.6073679984942191,0.4010134281333343,0.6701240887896702,0.9067233770389332
random_forest,airport_aware,"{""model__class_weight"": ""balanced_subsample"", ""model__max_depth"": null, ""model__max_features"": 0.5, ""model__min_samples_leaf"": 10, ""model__min_samples_split"": 10, ""model__n_estimators"": 400}",0.4346309226384159,0.027627243464662214,0.8773769214544306,0.08456165577013193,0.2743558434506028,0.8902209093527228,0.29976191801668156,0.6073679984942191,0.4010134281333343,0.6701240887896702,0.9067233770389332
random_forest,airport_aware,"{""model__class_weight"": ""balanced_subsample"", ""model__max_depth"": null, ""model__max_features"": ""sqrt"", ""model__min_samples_leaf"": 2, ""model__min_samples_split"": 10, ""model__n_estimators"": 250}",0.434583198904408,0.02352429576765797,0.879947426786503,0.08206468734277801,0.2726000941578489,0.9017316892415529,0.3244280204636481,0.5841106742274433,0.41604075846965605,0.6811059414980389,0.9141337049220108
random_forest,airport_aware,"{""model__class_weight"": ""balanced_subsample"", ""model__max_depth"": null, ""model__max_features"": 0.5, ""model__min_samples_leaf"": 10, ""model__min_samples_split"": 2, ""model__n_estimators"": 250}",0.43451035720659653,0.027876374823371585,0.8771886669484313,0.08461534772992087,0.27449865939530477,0.8903347442164791,0.3002681618385523,0.6085010490830849,0.4017305378468454,0.6705130466490739,0.90682094451774
random_forest,airport_aware,"{""model__class_weight"": ""balanced_subsample"", ""model__max_depth"": null, ""model__max_features"": 0.5, ""model__min_samples_leaf"": 10, ""model__min_samples_split"": 10, ""model__n_estimators"": 250}",0.43451035720659653,0.027876374823371585,0.8771886669484313,0.08461534772992087,0.27449865939530477,0.8903347442164791,0.3002681618385523,0.6085010490830849,0.4017305378468454,0.6705130466490739,0.90682094451774
random_forest,airport_aware,"{""model__class_weight"": ""balanced_subsample"", ""model__max_depth"": null, ""model__max_features"": ""sqrt"", ""model__min_samples_leaf"": 10, ""model__min_samples_split"": 2, ""model__n_estimators"": 400}",0.43356118404682703,0.03083415145388994,0.8827103899670246,0.11334043175277012,0.3541534649073286,0.8532297279058877,0.24678515611483967,0.7057559623901011,0.36410955429316305,0.6404571733984287,0.8836175877777604
random_forest,airport_aware,"{""model__class_weight"": ""balanced_subsample"", ""model__max_depth"": null, ""model__max_features"": ""sqrt"", ""model__min_samples_leaf"": 10, ""model__min_samples_split"": 10, ""model__n_estimators"": 400}",0.43356118404682703,0.03083415145388994,0.8827103899670246,0.11334043175277012,0.3541534649073286,0.8532297279058877,0.24678515611483967,0.7057559623901011,0.36410955429316305,0.6404571733984287,0.8836175877777604
random_forest,airport_aware,"{""model__class_weight"": ""balanced_subsample"", ""model__max_depth"": null, ""model__max_features"": ""sqrt"", ""model__min_samples_leaf"": 10, ""model__min_samples_split"": 2, ""model__n_estimators"": 250}",0.43336121536476524,0.030353686111821168,0.882721362000623,0.11322175354019456,0.3539595190673595,0.8537832974975428,0.24743178295626606,0.704873621149477,0.36466661462155503,0.6409103715923664,0.883977964254558
random_forest,airport_aware,"{""model__class_weight"": ""balanced_subsample"", ""model__max_depth"": null, ""model__max_features"": ""sqrt"", ""model__min_samples_leaf"": 10, ""model__min_samples_split"": 10, ""model__n_estimators"": 250}",0.43336121536476524,0.030353686111821168,0.882721362000623,0.11322175354019456,0.3539595190673595,0.8537832974975428,0.24743178295626606,0.704873621149477,0.36466661462155503,0.6409103715923664,0.883977964254558
random_forest,airport_aware,"{""model__class_weight"": ""balanced_subsample"", ""model__max_depth"": null, ""model__max_features"": ""sqrt"", ""model__min_samples_leaf"": 2, ""model__min_samples_split"": 2, ""model__n_estimators"": 400}",0.4321353701085533,0.022739707442643108,0.8792149089923658,0.07744632708861496,0.26020050175614967,0.9084968034722035,0.34104188233572963,0.554943613063504,0.42148971767000687,0.6858190978461425,0.9181456758321564
random_forest,extended_geographic,"{""model__class_weight"": ""balanced_subsample"", ""model__max_depth"": 12, ""model__max_features"": ""sqrt"", ""model__min_samples_leaf"": 2, ""model__min_samples_split"": 10, ""model__n_estimators"": 400}",0.43186426843087167,0.029903166130028903,0.8797733958710865,0.11772640795634973,0.36654794679796093,0.8522685183523653,0.24458790595825083,0.7005186178071343,0.3612059776352937,0.6387041075180089,0.8828536558151494
random_forest,extended_geographic,"{""model__class_weight"": ""balanced_subsample"", ""model__max_depth"": 12, ""model__max_features"": ""sqrt"", ""model__min_samples_leaf"": 2, ""model__min_samples_split"": 2, ""model__n_estimators"": 400}",0.43169449476585486,0.030111348997717825,0.8798513465435823,0.1170262709629607,0.3648702497376734,0.8546550831598573,0.2473333127139698,0.6965013537920097,0.36380969711327343,0.6407393161415684,0.8843873014894944
random_forest,airport_aware,"{""model__class_weight"": ""balanced_subsample"", ""model__max_depth"": null, ""model__max_features"": ""sqrt"", ""model__min_samples_leaf"": 2, ""model__min_samples_split"": 2, ""model__n_estimators"": 250}",0.43158972316011146,0.022335258939363906,0.8790119351376926,0.07752621227040009,0.2603695837837571,0.9087505705376634,0.34135861655065286,0.5523065011272463,0.42099324491578605,0.6856468789495688,0.9182638019162115
random_forest,airport_aware,"{""model__class_weight"": ""balanced_subsample"", ""model__max_depth"": 12, ""model__max_features"": 0.5, ""model__min_samples_leaf"": 2, ""model__min_samples_split"": 10, ""model__n_estimators"": 400}",0.4314479863584023,0.029559123641492897,0.8799982759049298,0.10152619759351489,0.32443737626554703,0.8667343907552418,0.26360087292116796,0.675750408573258,0.3786561156735296,0.6518169287409246,0.8920854876875175
random_forest,airport_aware,"{""model__class_weight"": null, ""model__max_depth"": null, ""model__max_features"": ""sqrt"", ""model__min_samples_leaf"": 10, ""model__min_samples_split"": 2, ""model__n_estimators"": 250}",0.4311880582932453,0.03282309033387103,0.8827530377939128,0.04489264635392601,0.16590374517579537,0.9450002967667555,0.7125125767089937,0.15871726324928792,0.2587508046162795,0.6150533691616692,0.9284080863361014
random_forest,airport_aware,"{""model__class_weight"": null, ""model__max_depth"": null, ""model__max_features"": ""sqrt"", ""model__min_samples_leaf"": 10, ""model__min_samples_split"": 10, ""model__n_estimators"": 250}",0.4311880582932453,0.03282309033387103,0.8827530377939128,0.04489264635392601,0.16590374517579537,0.9450002967667555,0.7125125767089937,0.15871726324928792,0.2587508046162795,0.6150533691616692,0.9284080863361014
random_forest,extended_geographic,"{""model__class_weight"": ""balanced_subsample"", ""model__max_depth"": 12, ""model__max_features"": ""sqrt"", ""model__min_samples_leaf"": 2, ""model__min_samples_split"": 10, ""model__n_estimators"": 250}",0.4311367619279003,0.030016032662535136,0.8796552621985763,0.1174978865622465,0.36599860730007777,0.8524564483620454,0.24503781877493128,0.7014111441577062,0.3618579445468497,0.6390805340023911,0.8829818893677759
random_forest,airport_aware,"{""model__class_weight"": null, ""model__max_depth"": null, ""model__max_features"": ""sqrt"", ""model__min_samples_leaf"": 10, ""model__min_samples_split"": 2, ""model__n_estimators"": 400}",0.43107374350207694,0.03314247517166015,0.882612842182596,0.044928416070805645,0.1660625321202636,0.9450160914951672,0.7155935566772167,0.15678502558608884,0.25635260129759574,0.6138605323565823,0.9282854375642586
random_forest,airport_aware,"{""model__class_weight"": null, ""model__max_depth"": null, ""model__max_features"": ""sqrt"", ""model__min_samples_leaf"": 10, ""model__min_samples_split"": 10, ""model__n_estimators"": 400}",0.43107374350207694,0.03314247517166015,0.882612842182596,0.044928416070805645,0.1660625321202636,0.9450160914951672,0.7155935566772167,0.15678502558608884,0.25635260129759574,0.6138605323565823,0.9282854375642586
random_forest,airport_aware,"{""model__class_weight"": ""balanced_subsample"", ""model__max_depth"": 12, ""model__max_features"": 0.5, ""model__min_samples_leaf"": 2, ""model__min_samples_split"": 10, ""model__n_estimators"": 250}",0.43074481737600684,0.03014838022458945,0.8798524163382199,0.10160362675743748,0.32485792629935917,0.8666833235604937,0.2636633892590074,0.6767930468641252,0.37883050249295647,0.6518914116206167,0.8920722209381428
random_forest,extended_geographic,"{""model__class_weight"": ""balanced_subsample"", ""model__max_depth"": 12, ""model__max_features"": ""sqrt"", ""model__min_samples_leaf"": 2, ""model__min_samples_split"": 2, ""model__n_estimators"": 250}",0.4307015717068288,0.02973777344541794,0.879625405374796,0.1168105960702771,0.3643259024086102,0.8540122951556981,0.24661687400054272,0.6974978934502808,0.36303734104933405,0.6401602146466375,0.8839746673485844
random_forest,airport_aware,"{""model__class_weight"": ""balanced_subsample"", ""model__max_depth"": 12, ""model__max_features"": 0.5, ""model__min_samples_leaf"": 2, ""model__min_samples_split"": 2, ""model__n_estimators"": 400}",0.4305056287310821,0.02863867714186154,0.8793305966996867,0.10073785315595965,0.32252659834403674,0.868091062766142,0.26509487650657404,0.6713776607321357,0.37950326721347977,0.6526646780444929,0.8929220062388694
random_forest,extended_geographic,"{""model__class_weight"": null, ""model__max_depth"": 12, ""model__max_features"": ""sqrt"", ""model__min_samples_leaf"": 2, ""model__min_samples_split"": 2, ""model__n_estimators"": 400}",0.42998706265219855,0.03203469634627789,0.8806549238678965,0.04458486839445262,0.16552533567246597,0.9453234373243784,0.6949518837610464,0.1757758939956377,0.2803345513061239,0.625919119155015,0.9297680754315737
random_forest,extended_geographic,"{""model__class_weight"": null, ""model__max_depth"": 12, ""model__max_features"": ""sqrt"", ""model__min_samples_leaf"": 2, ""model__min_samples_split"": 2, ""model__n_estimators"": 250}",0.4299370499662241,0.03167966621213625,0.8807309971354178,0.04457030908753682,0.1654558191257376,0.9452867840899571,0.6924483162554302,0.17635477367942048,0.2808180646440952,0.6261503501719503,0.9297801068131377
random_forest,airport_aware,"{""model__class_weight"": ""balanced_subsample"", ""model__max_depth"": 12, ""model__max_features"": 0.5, ""model__min_samples_leaf"": 2, ""model__min_samples_split"": 2, ""model__n_estimators"": 250}",0.42992394966587605,0.029343559879973165,0.8792438964707128,0.10078581928155014,0.322623785990323,0.8678564362040208,0.26457484986706997,0.6704476943066426,0.37879111547904043,0.6522394785972181,0.8927532412404947
random_forest,airport_aware,"{""model__class_weight"": null, ""model__max_depth"": null, ""model__max_features"": 0.5, ""model__min_samples_leaf"": 2, ""model__min_samples_split"": 10, ""model__n_estimators"": 400}",0.42987054378612033,0.026914634735835958,0.8712049262436251,0.045177953640731225,0.17024921347111693,0.9449703536716332,0.6002718657404602,0.2868325283474763,0.38805399360132004,0.6795792685100901,0.9356825222658725
random_forest,airport_aware,"{""model__class_weight"": null, ""model__max_depth"": null, ""model__max_features"": 0.5, ""model__min_samples_leaf"": 2, ""model__min_samples_split"": 10, ""model__n_estimators"": 250}",0.42959625627207887,0.02715227151160849,0.8706091180871616,0.04520168244610126,0.17222442514544464,0.9449634625809538,0.5992165812406175,0.28865016580966363,0.38955483112408523,0.6803249475377575,0.9357898356690176
random_forest,extended_geographic,"{""model__class_weight"": null, ""model__max_depth"": 12, ""model__max_features"": ""sqrt"", ""model__min_samples_leaf"": 2, ""model__min_samples_split"": 10, ""model__n_estimators"": 400}",0.42926347036528023,0.03276142873784027,0.8808188235784513,0.04461260216368236,0.16556133719677524,0.9452342753808353,0.6956175990838332,0.17449321125028736,0.27878666220116827,0.6251227824786085,0.9295762429962509
random_forest,extended_geographic,"{""model__class_weight"": null, ""model__max_depth"": 12, ""model__max_features"": ""sqrt"", ""model__min_samples_leaf"": 2, ""model__min_samples_split"": 10, ""model__n_estimators"": 250}",0.4290922337049038,0.03200539064695447,0.8808910272082681,0.044607264055892874,0.16548313520937832,0.945205609949533,0.6927896797441042,0.17573675762606727,0.2801764455104457,0.6258091349864564,0.9296228504362457
random_forest,extended_geographic,"{""model__class_weight"": ""balanced_subsample"", ""model__max_depth"": null, ""model__max_features"": 0.5, ""model__min_samples_leaf"": 10, ""model__min_samples_split"": 2, ""model__n_estimators"": 400}",0.42895070068097657,0.026869186857789613,0.876352181834578,0.0848401032656046,0.2748828969264362,0.8895607094671695,0.297612741183824,0.6055389881979882,0.39870322660664564,0.6687816172550298,0.9062384997315627
random_forest,extended_geographic,"{""model__class_weight"": ""balanced_subsample"", ""model__max_depth"": null, ""model__max_features"": 0.5, ""model__min_samples_leaf"": 10, ""model__min_samples_split"": 10, ""model__n_estimators"": 400}",0.42895070068097657,0.026869186857789613,0.876352181834578,0.08484010326560461,0.2748828969264362,0.8895607094671695,0.297612741183824,0.6055389881979882,0.39870322660664564,0.6687816172550298,0.9062384997315627
random_forest,extended_geographic,"{""model__class_weight"": ""balanced_subsample"", ""model__max_depth"": null, ""model__max_features"": 0.5, ""model__min_samples_leaf"": 10, ""model__min_samples_split"": 2, ""model__n_estimators"": 250}",0.4287156454712968,0.026913703655704353,0.8762994660725806,0.0849333870740542,0.27527744405668425,0.8888316346438184,0.29569405249261327,0.604389804140963,0.39672013519621113,0.6675777025551503,0.9057117307563747
random_forest,extended_geographic,"{""model__class_weight"": ""balanced_subsample"", ""model__max_depth"": null, ""model__max_features"": 0.5, ""model__min_samples_leaf"": 10, ""model__min_samples_split"": 10, ""model__n_estimators"": 250}",0.4287156454712968,0.026913703655704353,0.8762994660725806,0.0849333870740542,0.27527744405668425,0.8888316346438184,0.29569405249261327,0.604389804140963,0.39672013519621113,0.6675777025551503,0.9057117307563747
random_forest,extended_geographic,"{""model__class_weight"": ""balanced_subsample"", ""model__max_depth"": 12, ""model__max_features"": 0.5, ""model__min_samples_leaf"": 2, ""model__min_samples_split"": 10, ""model__n_estimators"": 400}",0.42802723734345954,0.027198489705977356,0.8793157901781699,0.10113528285582922,0.32270424990855984,0.866452957155482,0.26285418438141167,0.6751358033098381,0.377726349418607,0.6512797567534422,0.891883913288526
random_forest,extended_geographic,"{""model__class_weight"": ""balanced_subsample"", ""model__max_depth"": 12, ""model__max_features"": 0.5, ""model__min_samples_leaf"": 2, ""model__min_samples_split"": 10, ""model__n_estimators"": 250}",0.4278226061926901,0.02709772774691592,0.8792091297431345,0.10118678973655948,0.32282151514850804,0.8662081960877763,0.2625207967570252,0.6754161860248328,0.3774200066288281,0.6510509961897168,0.8917210167090921
random_forest,extended_geographic,"{""model__class_weight"": ""balanced_subsample"", ""model__max_depth"": 12, ""model__max_features"": ""sqrt"", ""model__min_samples_leaf"": 10, ""model__min_samples_split"": 2, ""model__n_estimators"": 400}",0.42779015125705466,0.0317714082375962,0.8796959615389495,0.12157245916853965,0.3761513728401146,0.8454641733282753,0.2377104771206942,0.7140917153815076,0.3551835557908601,0.6335593977440827,0.8785011995621057
random_forest,extended_geographic,"{""model__class_weight"": ""balanced_subsample"", ""model__max_depth"": 12, ""model__max_features"": ""sqrt"", ""model__min_samples_leaf"": 10, ""model__min_samples_split"": 10, ""model__n_estimators"": 400}",0.42779015125705466,0.0317714082375962,0.8796959615389495,0.12157245916853965,0.3761513728401146,0.8454641733282753,0.2377104771206942,0.7140917153815076,0.3551835557908601,0.6335593977440827,0.8785011995621057
random_forest,extended_geographic,"{""model__class_weight"": ""balanced_subsample"", ""model__max_depth"": 12, ""model__max_features"": ""sqrt"", ""model__min_samples_leaf"": 10, ""model__min_samples_split"": 10, ""model__n_estimators"": 250}",0.42752144135764547,0.03145012804598216,0.8795763560977807,0.12149971130910446,0.37595324581613004,0.8449475781359261,0.2369533987385184,0.7136694572516964,0.35427764049107585,0.6329467941551549,0.8781424321660207
random_forest,extended_geographic,"{""model__class_weight"": ""balanced_subsample"", ""model__max_depth"": 12, ""model__max_features"": ""sqrt"", ""model__min_samples_leaf"": 10, ""model__min_samples_split"": 2, ""model__n_estimators"": 250}",0.42752144135764547,0.03145012804598216,0.8795763560977807,0.12149971130910449,0.37595324581613015,0.8449475781359261,0.2369533987385184,0.7136694572516964,0.35427764049107585,0.6329467941551549,0.8781424321660207
random_forest,extended_geographic,"{""model__class_weight"": ""balanced_subsample"", ""model__max_depth"": 12, ""model__max_features"": 0.5, ""model__min_samples_leaf"": 2, ""model__min_samples_split"": 2, ""model__n_estimators"": 400}",0.4267291636545867,0.026831008972901565,0.8784894166809394,0.10033743540281863,0.3207132520873288,0.867956311870824,0.26468054362945365,0.6703328958802882,0.37885674424817145,0.6523079013547959,0.8928144048732991
random_forest,extended_geographic,"{""model__class_weight"": ""balanced_subsample"", ""model__max_depth"": 12, ""model__max_features"": 0.5, ""model__min_samples_leaf"": 2, ""model__min_samples_split"": 2, ""model__n_estimators"": 250}",0.42624325644240246,0.02652919083254934,0.8784506729535868,0.10039970958247153,0.32088013462886006,0.8679767507607965,0.26463909963955495,0.6700174935090468,0.37873728319695693,0.6522569266249764,0.8928289856474307
random_forest,extended_geographic,"{""model__class_weight"": ""balanced_subsample"", ""model__max_depth"": null, ""model__max_features"": ""sqrt"", ""model__min_samples_leaf"": 2, ""model__min_samples_split"": 10, ""model__n_estimators"": 400}",0.4256973853875077,0.023471878615693387,0.8769015418376668,0.07601650926987193,0.2544003884906705,0.9086819968205828,0.3411397993923421,0.5458077634673292,0.41944383811003494,0.684835476512837,0.9180702337821591
random_forest,extended_geographic,"{""model__class_weight"": ""balanced_subsample"", ""model__max_depth"": null, ""model__max_features"": ""sqrt"", ""model__min_samples_leaf"": 2, ""model__min_samples_split"": 10, ""model__n_estimators"": 250}",0.4253239747667804,0.022662503512100963,0.8766539729040757,0.07607936977477267,0.25452936976945706,0.9079533281425899,0.3386439033909835,0.5455956159503165,0.41750214115047546,0.6836532295413386,0.9175639475177606
random_forest,extended_geographic,"{""model__class_weight"": null, ""model__max_depth"": 12, ""model__max_features"": ""sqrt"", ""model__min_samples_leaf"": 10, ""model__min_samples_split"": 2, ""model__n_estimators"": 250}",0.425078553846876,0.032938206094526065,0.8801547165892819,0.0448560411137454,0.16637472237807857,0.9450494173074585,0.6914123442603078,0.17091405190418496,0.27377504196238905,0.6225702802810985,0.9292227086937797
random_forest,extended_geographic,"{""model__class_weight"": null, ""model__max_depth"": 12, ""model__max_features"": ""sqrt"", ""model__min_samples_leaf"": 10, ""model__min_samples_split"": 10, ""model__n_estimators"": 250}",0.425078553846876,0.032938206094526065,0.8801547165892819,0.0448560411137454,0.16637472237807854,0.9450494173074585,0.6914123442603078,0.17091405190418496,0.27377504196238905,0.6225702802810985,0.9292227086937797
random_forest,extended_geographic,"{""model__class_weight"": null, ""model__max_depth"": 12, ""model__max_features"": ""sqrt"", ""model__min_samples_leaf"": 10, ""model__min_samples_split"": 2, ""model__n_estimators"": 400}",0.42506156369447207,0.03326351598121578,0.8799963517067649,0.04487146251298757,0.1664754746282963,0.9450494587266757,0.6942183899114353,0.16869805201569416,0.27117251314613516,0.6212707978889689,0.9290856855882575
random_forest,extended_geographic,"{""model__class_weight"": null, ""model__max_depth"": 12, ""model__max_features"": ""sqrt"", ""model__min_samples_leaf"": 10, ""model__min_samples_split"": 10, ""model__n_estimators"": 400}",0.42506156369447207,0.03326351598121578,0.8799963517067649,0.04487146251298757,0.1664754746282963,0.9450494587266757,0.6942183899114353,0.16869805201569416,0.27117251314613516,0.6212707978889689,0.9290856855882575
random_forest,airport_aware,"{""model__class_weight"": ""balanced_subsample"", ""model__max_depth"": 12, ""model__max_features"": ""sqrt"", ""model__min_samples_leaf"": 2, ""model__min_samples_split"": 2, ""model__n_estimators"": 400}",0.4245600727263324,0.036722272395597805,0.8785120405406651,0.1295372354030539,0.3965196197153552,0.8418022933997795,0.23374724096735117,0.7178051630252502,0.3503742844392178,0.6300719843898464,0.8762217287700667
random_forest,airport_aware,"{""model__class_weight"": ""balanced_subsample"", ""model__max_depth"": 12, ""model__max_features"": ""sqrt"", ""model__min_samples_leaf"": 2, ""model__min_samples_split"": 10, ""model__n_estimators"": 400}",0.42410211731987235,0.03733727657622355,0.8786658708472681,0.1304368471698879,0.3985893630003326,0.8396668208039022,0.23154629550736838,0.7202901374009419,0.3481381467895989,0.6282813212818852,0.8748226852139689
random_forest,airport_aware,"{""model__class_weight"": ""balanced_subsample"", ""model__max_depth"": 12, ""model__max_features"": ""sqrt"", ""model__min_samples_leaf"": 2, ""model__min_samples_split"": 2, ""model__n_estimators"": 250}",0.42397824755184377,0.03672255618681339,0.8784633754181556,0.1294190798672033,0.39618356572934105,0.8415071921685872,0.2336746521789972,0.7189821646512181,0.3502998522788893,0.6299446412710301,0.8760519515690784
random_forest,extended_geographic,"{""model__class_weight"": null, ""model__max_depth"": null, ""model__max_features"": 0.5, ""model__min_samples_leaf"": 2, ""model__min_samples_split"": 10, ""model__n_estimators"": 400}",0.4237538038237464,0.026343314513136002,0.8710908525133398,0.04546554947515417,0.17007648721439014,0.9447099158007651,0.5969428069684442,0.27904576616865084,0.38012390946596597,0.6755524781070938,0.9351069229070893
random_forest,extended_geographic,"{""model__class_weight"": null, ""model__max_depth"": null, ""model__max_features"": 0.5, ""model__min_samples_leaf"": 2, ""model__min_samples_split"": 10, ""model__n_estimators"": 250}",0.4232998521671771,0.026665749922850937,0.8706245915497579,0.045482644343598146,0.17247968355531357,0.94473590477993,0.5972347366916608,0.27978040034681995,0.3809536751831335,0.6759722808895786,0.9351860584095867
random_forest,airport_aware,"{""model__class_weight"": ""balanced_subsample"", ""model__max_depth"": 12, ""model__max_features"": ""sqrt"", ""model__min_samples_leaf"": 2, ""model__min_samples_split"": 10, ""model__n_estimators"": 250}",0.42329848034106626,0.03660676725701493,0.8784253363587806,0.13052201879277217,0.3986065399947799,0.8394697256908767,0.2314716125406388,0.721123782678089,0.3480740149942813,0.6281906688489642,0.8747105521834959
random_forest,airport_aware,"{""model__class_weight"": null, ""model__max_depth"": 12, ""model__max_features"": ""sqrt"", ""model__min_samples_leaf"": 2, ""model__min_samples_split"": 2, ""model__n_estimators"": 250}",0.4206801468615402,0.036992456849877293,0.8786638866521672,0.04550232749698212,0.17085138597243785,0.944597033032063,0.7264550976437589,0.1406524878588791,0.23482892175521183,0.6030022615328345,0.9268028451933195
random_forest,airport_aware,"{""model__class_weight"": null, ""model__max_depth"": 12, ""model__max_features"": ""sqrt"", ""model__min_samples_leaf"": 2, ""model__min_samples_split"": 2, ""model__n_estimators"": 400}",0.42049470033433184,0.03725251426253813,0.8785975232518941,0.04552442806476782,0.17096269795289187,0.9445488114441483,0.7271760869062833,0.13877273816803326,0.23201041073646925,0.6015813641249312,0.9266570532530519
random_forest,airport_aware,"{""model__class_weight"": null, ""model__max_depth"": null, ""model__max_features"": 0.5, ""model__min_samples_leaf"": 2, ""model__min_samples_split"": 2, ""model__n_estimators"": 400}",0.4199250435315425,0.02644340793738235,0.867526403417085,0.046028969004843726,0.18135595629950038,0.9435779294312594,0.5722119583016336,0.2931009565010872,0.3872905908833384,0.6788127048142607,0.9349463298459868
random_forest,airport_aware,"{""model__class_weight"": null, ""model__max_depth"": 12, ""model__max_features"": ""sqrt"", ""model__min_samples_leaf"": 2, ""model__min_samples_split"": 10, ""model__n_estimators"": 400}",0.4197039497800571,0.03820315580138808,0.8786890189233698,0.04556083493486211,0.17113230848962352,0.9446825194693396,0.7331125795167145,0.13937408295714054,0.23310059506277264,0.602161841957513,0.9267993578710234
random_forest,airport_aware,"{""model__class_weight"": null, ""model__max_depth"": 12, ""model__max_features"": ""sqrt"", ""model__min_samples_leaf"": 2, ""model__min_samples_split"": 10, ""model__n_estimators"": 250}",0.4194281167019219,0.037160633304932994,0.8786580883205403,0.04556966187894402,0.17115483224332279,0.944607148544381,0.7325405838159009,0.13880832038513372,0.2322760536085151,0.6017297102381847,0.9266961087381945
random_forest,airport_aware,"{""model__class_weight"": null, ""model__max_depth"": null, ""model__max_features"": 0.5, ""model__min_samples_leaf"": 2, ""model__min_samples_split"": 2, ""model__n_estimators"": 250}",0.41925225353664886,0.02642817606216986,0.8670286436500761,0.04606241829626416,0.18623743591954983,0.9436951010684206,0.5749455170551426,0.29157513288441383,0.3867705727050281,0.6785850828347556,0.9349584647635965
random_forest,extended_geographic,"{""model__class_weight"": ""balanced_subsample"", ""model__max_depth"": null, ""model__max_features"": ""sqrt"", ""model__min_samples_leaf"": 2, ""model__min_samples_split"": 2, ""model__n_estimators"": 400}",0.417413746336375,0.021954018788540332,0.8745186335514544,0.07049252229807701,0.23885898353183754,0.9161954521229532,0.36234986305951516,0.5020628935725192,0.4206344431398808,0.6876346474117467,0.9222388119295566
random_forest,extended_geographic,"{""model__class_weight"": ""balanced_subsample"", ""model__max_depth"": null, ""model__max_features"": ""sqrt"", ""model__min_samples_leaf"": 2, ""model__min_samples_split"": 2, ""model__n_estimators"": 250}",0.41649312755439993,0.02181018584729462,0.8742239848141817,0.07058156367677185,0.2390258487860276,0.91633428980264,0.36300187384382326,0.5024002665532388,0.421198564789941,0.687956348470363,0.9223433290730337
random_forest,airport_aware,"{""model__class_weight"": ""balanced_subsample"", ""model__max_depth"": 12, ""model__max_features"": ""sqrt"", ""model__min_samples_leaf"": 10, ""model__min_samples_split"": 2, ""model__n_estimators"": 400}",0.4164326299303232,0.03850613744999529,0.8779838039198509,0.13390477756029215,0.40709850158066735,0.8335943828305077,0.22589733291968686,0.7301112878616479,0.34289994428275883,0.6237252847088587,0.8708898448296136
random_forest,airport_aware,"{""model__class_weight"": ""balanced_subsample"", ""model__max_depth"": 12, ""model__max_features"": ""sqrt"", ""model__min_samples_leaf"": 10, ""model__min_samples_split"": 10, ""model__n_estimators"": 400}",0.4164326299303232,0.03850613744999529,0.8779838039198509,0.13390477756029215,0.40709850158066735,0.8335943828305077,0.22589733291968686,0.7301112878616479,0.34289994428275883,0.6237252847088587,0.8708898448296136
random_forest,airport_aware,"{""model__class_weight"": ""balanced_subsample"", ""model__max_depth"": 12, ""model__max_features"": ""sqrt"", ""model__min_samples_leaf"": 10, ""model__min_samples_split"": 2, ""model__n_estimators"": 250}",0.4160138434057692,0.03796303776792228,0.8781028912464185,0.1338743958805925,0.40700025367355785,0.8335364223348642,0.22617972170133202,0.7320414133231031,0.34334393232077987,0.6239287925220054,0.8708861947116286
random_forest,airport_aware,"{""model__class_weight"": ""balanced_subsample"", ""model__max_depth"": 12, ""model__max_features"": ""sqrt"", ""model__min_samples_leaf"": 10, ""model__min_samples_split"": 10, ""model__n_estimators"": 250}",0.4160138434057692,0.03796303776792228,0.8781028912464185,0.1338743958805925,0.40700025367355785,0.8335364223348642,0.22617972170133202,0.7320414133231031,0.34334393232077987,0.6239287925220054,0.8708861947116286
random_forest,airport_aware,"{""model__class_weight"": null, ""model__max_depth"": 12, ""model__max_features"": ""sqrt"", ""model__min_samples_leaf"": 10, ""model__min_samples_split"": 2, ""model__n_estimators"": 400}",0.41420590438299393,0.0394821488740903,0.8777913013707522,0.04588474064106883,0.1722472839662439,0.9443435013439252,0.7401880143033024,0.12746387489966052,0.21625250315861458,0.593657334486111,0.9256747360499334
random_forest,airport_aware,"{""model__class_weight"": null, ""model__max_depth"": 12, ""model__max_features"": ""sqrt"", ""model__min_samples_leaf"": 10, ""model__min_samples_split"": 10, ""model__n_estimators"": 400}",0.41420590438299393,0.0394821488740903,0.8777913013707522,0.04588474064106884,0.1722472839662439,0.9443435013439252,0.7401880143033024,0.12746387489966052,0.21625250315861458,0.593657334486111,0.9256747360499334
random_forest,airport_aware,"{""model__class_weight"": null, ""model__max_depth"": 12, ""model__max_features"": ""sqrt"", ""model__min_samples_leaf"": 10, ""model__min_samples_split"": 2, ""model__n_estimators"": 250}",0.4141204497805068,0.03930089037986938,0.8776881339087179,0.045887302651063056,0.17224126874342463,0.9443248016438617,0.7396536852726776,0.12746276006619142,0.21619716551534793,0.5936247774046057,0.9256543038828834
random_forest,airport_aware,"{""model__class_weight"": null, ""model__max_depth"": 12, ""model__max_features"": ""sqrt"", ""model__min_samples_leaf"": 10, ""model__min_samples_split"": 10, ""model__n_estimators"": 250}",0.4141204497805068,0.03930089037986938,0.8776881339087179,0.045887302651063056,0.17224126874342463,0.9443248016438617,0.7396536852726776,0.12746276006619142,0.21619716551534793,0.5936247774046057,0.9256543038828834
random_forest,extended_geographic,"{""model__class_weight"": null, ""model__max_depth"": null, ""model__max_features"": 0.5, ""model__min_samples_leaf"": 2, ""model__min_samples_split"": 2, ""model__n_estimators"": 400}",0.4131359366053292,0.025581803196507713,0.867378550985844,0.04635554054399976,0.17785646040980047,0.9436002117026107,0.5754919287086269,0.2853898687894167,0.38112907432619025,0.6757473717077304,0.9345501376472087
random_forest,extended_geographic,"{""model__class_weight"": null, ""model__max_depth"": null, ""model__max_features"": 0.5, ""model__min_samples_leaf"": 2, ""model__min_samples_split"": 2, ""model__n_estimators"": 250}",0.41263931023309147,0.025544160703505472,0.8664273121597124,0.04638689018357904,0.18344292656565253,0.9436104033710446,0.5753829295093442,0.2865008639317512,0.38215983799873565,0.6762640775464988,0.934609090062567
random_forest,airport_aware,"{""model__class_weight"": ""balanced_subsample"", ""model__max_depth"": null, ""model__max_features"": 0.5, ""model__min_samples_leaf"": 2, ""model__min_samples_split"": 10, ""model__n_estimators"": 250}",0.40466615927421545,0.025769087895772754,0.8659900010459118,0.06542731832025209,0.2254529606738771,0.9181804936173256,0.36614753757367585,0.46833566748917344,0.4107153461705141,0.6832625077248669,0.9227976096477686
random_forest,airport_aware,"{""model__class_weight"": ""balanced_subsample"", ""model__max_depth"": null, ""model__max_features"": 0.5, ""model__min_samples_leaf"": 2, ""model__min_samples_split"": 10, ""model__n_estimators"": 400}",0.40460148481539626,0.025746101265367194,0.8663539898604851,0.0654040125907774,0.22375873385322143,0.9179960942224316,0.3654477508639805,0.469228361175219,0.4106694238617841,0.6831857949544683,0.9226890778084353
random_forest,extended_geographic,"{""model__class_weight"": ""balanced_subsample"", ""model__max_depth"": null, ""model__max_features"": 0.5, ""model__min_samples_leaf"": 2, ""model__min_samples_split"": 10, ""model__n_estimators"": 250}",0.3973149027307984,0.025309318648541676,0.8647137634135236,0.06628265515462266,0.22677367961663433,0.916282978189909,0.35663613651424003,0.4618971272521235,0.4022040030323666,0.6784758976030801,0.9212612890739402
random_forest,extended_geographic,"{""model__class_weight"": ""balanced_subsample"", ""model__max_depth"": null, ""model__max_features"": 0.5, ""model__min_samples_leaf"": 2, ""model__min_samples_split"": 10, ""model__n_estimators"": 400}",0.39710441558383974,0.02572590925020676,0.8650285335978195,0.06619721984773326,0.22529268376642092,0.9165033934364711,0.3579734782488962,0.46250596968753327,0.40326532796274117,0.6790660738677265,0.9214386888377127
random_forest,airport_aware,"{""model__class_weight"": ""balanced_subsample"", ""model__max_depth"": null, ""model__max_features"": 0.5, ""model__min_samples_leaf"": 2, ""model__min_samples_split"": 2, ""model__n_estimators"": 400}",0.3849737115237283,0.026837289008237692,0.861061320253946,0.05987402818597541,0.21364074423947974,0.9242893355086922,0.38618300136589045,0.40329742438075444,0.3941722501667388,0.6767966133747271,0.925135842485085
random_forest,airport_aware,"{""model__class_weight"": ""balanced_subsample"", ""model__max_depth"": null, ""model__max_features"": 0.5, ""model__min_samples_leaf"": 2, ""model__min_samples_split"": 2, ""model__n_estimators"": 250}",0.38467022243086174,0.026615582869037247,0.8602100685091194,0.059928049670765426,0.21904937795147164,0.9239997767615613,0.384111888035706,0.40241999125680367,0.39262951211685915,0.6759458321013054,0.9249024220777388
random_forest,extended_geographic,"{""model__class_weight"": ""balanced_subsample"", ""model__max_depth"": null, ""model__max_features"": 0.5, ""model__min_samples_leaf"": 2, ""model__min_samples_split"": 2, ""model__n_estimators"": 400}",0.37432957301481495,0.027599242124701245,0.8588727503552885,0.060598423179817715,0.21415726774929045,0.9225029160411198,0.37261188442484183,0.38789213941939343,0.37972111864045466,0.669090914541909,0.9233352003097854
random_forest,extended_geographic,"{""model__class_weight"": ""balanced_subsample"", ""model__max_depth"": null, ""model__max_features"": 0.5, ""model__min_samples_leaf"": 2, ""model__min_samples_split"": 2, ""model__n_estimators"": 250}",0.374064878193762,0.027347816458828562,0.8583664335538828,0.060647852540424284,0.2176232771653536,0.922533140110277,0.3725216496562493,0.3889945959192659,0.38019787537223665,0.6693369751832703,0.9234107197881251
