Term,Coefficient,Odds_Ratio,CI_95_low,CI_95_high,p_value,p_value_BH,Reject_at_0_05_BH
"C(SIZE, Treatment(reference=""Small""))[T.Large]",3.128738774786746,22.845148487762742,21.74079281180294,24.00560154110809,0.0,0.0,True
"C(SIZE, Treatment(reference=""Small""))[T.Medium]",1.6327632541701018,5.117997525102158,4.905238950562375,5.339984235416042,0.0,0.0,True
"C(SIZE, Treatment(reference=""Small""))[T.Not reported]",0.6234604054670739,1.8653718292337536,1.7455720037897375,1.9933936003467296,1.1109229558445662e-75,4.3325995277938085e-75,True
"C(NUM_STRUCK, Treatment(reference=""1""))[T.11–100]",1.915254984900244,6.788669584564397,5.887410966212128,7.827894976735559,4.615973394185326e-153,3.600459247464555e-152,True
"C(NUM_STRUCK, Treatment(reference=""1""))[T.2–10]",0.7067574477248326,2.0274066169551266,1.9397723518194019,2.118999988126503,9.994059609897047e-216,9.74420811964962e-215,True
"C(NUM_STRUCK, Treatment(reference=""1""))[T.More than 100]",2.902614211230024,18.22171858048188,9.890109892955707,33.57202615744137,1.2808025412170844e-20,3.121956194216643e-20,True
"C(NUM_STRUCK, Treatment(reference=""1""))[T.Not reported]",-0.8446568822712226,0.429704772244606,0.34570280805508397,0.5341182859595616,2.723655429847576e-14,5.5906611454766034e-14,True
"C(AC_CLASS, Treatment(reference=""A""))[T.B]",-0.7055804391157523,0.49382185753106583,0.44307130295105773,0.5503855143657755,3.0267433862000456e-37,9.080230158600137e-37,True
"C(AC_CLASS, Treatment(reference=""A""))[T.C]",-0.8188432721322998,0.44094140884126787,0.05330900176002255,3.6472137840091468,0.4474893960189952,0.4847801790205781,False
"C(AC_CLASS, Treatment(reference=""A""))[T.J]",-22.640840463858503,1.4696297026255638e-10,9.85967654375977e-305,1.0142320547350045e+304,0.9990503105296614,0.9993242977166101,False
"C(AC_CLASS, Treatment(reference=""A""))[T.Not reported]",-0.29718610464551964,0.7429057412862575,0.5641737874742042,0.978260515978543,0.03430267800943631,0.04053952855660655,True
"C(AC_CLASS, Treatment(reference=""A""))[T.Y]",-20.94504157654254,8.010949980793469e-10,9.85967654375977e-305,1.0142320547350045e+304,0.9993242977166101,0.9993242977166101,False
"C(AC_MASS_GROUP, Treatment(reference=""Heavy""))[T.Light]",1.3589210866603905,3.8919919137425714,3.7267249939914726,4.0645878300813045,0.0,0.0,True
"C(AC_MASS_GROUP, Treatment(reference=""Heavy""))[T.Medium]",0.4839464609392316,1.6224647780865296,1.551601615161186,1.696564330952897,4.1465301703976043e-100,2.3102096663643797e-99,True
"C(AC_MASS_GROUP, Treatment(reference=""Heavy""))[T.Unknown]",-2.062593442357568,0.12712385362444317,0.09134393635990347,0.17691895931280108,2.1312291107870976e-34,5.936995380049772e-34,True
"C(PHASE_OF_FLIGHT, Treatment(reference=""Approach""))[T.Arrival]",-0.07755988369642539,0.925371608064928,0.6687071096173861,1.2805495869523906,0.6398173092748268,0.6744020286950878,False
"C(PHASE_OF_FLIGHT, Treatment(reference=""Approach""))[T.Climb]",0.4637454556429977,1.5900181887672977,1.519251499651969,1.6640811881311222,1.1278255375478813e-88,5.498149495545922e-88,True
"C(PHASE_OF_FLIGHT, Treatment(reference=""Approach""))[T.Departure]",-0.49757610538001257,0.6080026093202613,0.49903042503981593,0.7407708115407028,7.909916686378801e-07,1.4022125034944238e-06,True
"C(PHASE_OF_FLIGHT, Treatment(reference=""Approach""))[T.Descent]",0.7363885236357746,2.088379744876861,1.8502977449159743,2.3570962947965977,8.882492490865533e-33,2.3094480476250382e-32,True
"C(PHASE_OF_FLIGHT, Treatment(reference=""Approach""))[T.En Route]",-0.2988739168840163,0.7416529134505541,0.6251260978405735,0.879900944673045,0.0006101321121892725,0.0008205224957028147,True
"C(PHASE_OF_FLIGHT, Treatment(reference=""Approach""))[T.Landing Roll]",-0.6501234605095383,0.5219813287018918,0.4925551430987951,0.5531654908712269,7.0006453750136e-107,4.55041949375884e-106,True
"C(PHASE_OF_FLIGHT, Treatment(reference=""Approach""))[T.Local]",-0.3276682416034727,0.7206020458329064,0.5685308697819506,0.9133493642266522,0.006740072753497434,0.008214463668324998,True
"C(PHASE_OF_FLIGHT, Treatment(reference=""Approach""))[T.Not reported]",-1.0638051343569086,0.3451400044197923,0.2959055464406054,0.40256637323560457,8.251203377313878e-42,2.68164109762701e-41,True
"C(PHASE_OF_FLIGHT, Treatment(reference=""Approach""))[T.Parked]",-2.1153326934521304,0.12059316232301849,0.04071320807084504,0.35719884254171563,0.00013447560688717238,0.0002097819467439889,True
"C(PHASE_OF_FLIGHT, Treatment(reference=""Approach""))[T.Take-off Run]",-0.23099244551923892,0.7937454623474177,0.7527749370732318,0.8369458492423544,1.3104991080725303e-17,3.00643913028404e-17,True
"C(PHASE_OF_FLIGHT, Treatment(reference=""Approach""))[T.Taxi]",-1.0789951087213312,0.3399369537472645,0.2415518848153626,0.4783946629573989,6.036799829018052e-10,1.17717596665852e-09,True
"C(WARNED, Treatment(reference=""No""))[T.Unknown]",-0.10504281213891026,0.9002859785928217,0.8651035000107384,0.9368992764920887,2.40887149089163e-07,4.473618483084456e-07,True
"C(WARNED, Treatment(reference=""No""))[T.Yes]",-0.08535435905467158,0.9181868589187911,0.8768959035383931,0.9614221077886973,0.0002771485563952317,0.00038602834640764417,True
"C(FAAREGION, Treatment(reference=""ASO""))[T.AAL]",0.13924591764615774,1.1494067246471904,0.9631484185332975,1.3716845641256779,0.1226602224059027,0.14069849040677074,False
"C(FAAREGION, Treatment(reference=""ASO""))[T.ACE]",0.1895345903060017,1.2086869321171931,1.1043527994336664,1.3228780699610325,3.872014336507551e-05,6.29202329682477e-05,True
"C(FAAREGION, Treatment(reference=""ASO""))[T.AEA]",0.11038486278639195,1.1167077670292622,1.0540668450585193,1.1830713040540122,0.00017847087380936462,0.00026770631071404693,True
"C(FAAREGION, Treatment(reference=""ASO""))[T.AGL]",0.047092698267665246,1.0482191726775782,0.9863295316583437,1.1139922294747522,0.12935294132790567,0.14413613462252345,False
"C(FAAREGION, Treatment(reference=""ASO""))[T.ANE]",-0.1482816186010146,0.8621882724940642,0.7800656822907376,0.9529564421335978,0.0036902588660236535,0.0046425837346749195,True
"C(FAAREGION, Treatment(reference=""ASO""))[T.ANM]",0.2947590804762424,1.3428028122994815,1.252344223918664,1.4397953520137794,1.1946153804521684e-16,2.5883333243130313e-16,True
"C(FAAREGION, Treatment(reference=""ASO""))[T.ASW]",0.12441800860230526,1.1324891622842217,1.0608451401467032,1.2089716530292611,0.00019041940891488594,0.00027505025732150193,True
"C(FAAREGION, Treatment(reference=""ASO""))[T.AWP]",0.13769603083204263,1.147626654130848,1.0789234371019265,1.2207047247108258,1.2324491819826346e-05,2.0898051346662066e-05,True
"C(FAAREGION, Treatment(reference=""ASO""))[T.FGN]",0.1834900335873655,1.2014029916740694,1.0751940932661075,1.342426597619128,0.0011941633898734881,0.0015524124068355344,True
"C(FAAREGION, Treatment(reference=""ASO""))[T.Not reported]",1.5640448566401248,4.778108976607781,4.0932968129754626,5.577490818640205,2.1520724803067427e-87,9.32564741466255e-87,True
YEAR_CENTERED,-0.016727260220856265,0.9834118635961965,0.9815676808796198,0.9852595111883578,2.594789026606446e-68,9.1997065488774e-68,True
